"check_id","category","quantity","expected","observed","tolerance","status","source","notes"
"H01","historical","Marked total","21674","21674","0","PASS","Author-approved reporting target",""
"H02","historical","Moses and Butters recaptures","87; 40","87; 40","0","PASS","Author-approved reporting target",""
"H03","historical","Pooled conditional Moses proportion","0.685","0.6850393700787402","5e-04","PASS","Author-approved reporting target",""
"H04","historical","Pooled exact 95% CI","0.597; 0.765","0.5966766244171813; 0.7645420929353536","5e-04","PASS","Author-approved reporting target",""
"H05","historical","Pearson-type dispersion","29.12","29.11528810906023","0.005","PASS","Author-approved reporting target",""
"H06","historical","Beta-binomial mean and among-year SD","0.688; 0.173","0.6881236408018730; 0.1727966832090192","5e-04","PASS","Author-approved reporting target",""
"H07","historical","Beta-binomial overdispersion","0.139130347521233","0.1391303475212331","1e-07","PASS","Author-approved reporting target",""
"H08","bootstrap","Dispersion replicates and exceedances","10000; 13","10000;    13","0","PASS","Author-approved reporting target",""
"H09","bootstrap","Dispersion plus-one p-value","0.0014","0.0013998600139986","5e-05","PASS","Author-approved reporting target",""
"H10","bootstrap","Successful LR replicates and exceedances","5000; 5","5000;    5","0","PASS","Author-approved reporting target",""
"H11","bootstrap","LR plus-one p-value","0.0012","0.001199760047990402","5e-05","PASS","Author-approved reporting target",""
"H12","bootstrap","Leave-one-out pooled range","0.648; 0.721","0.6481481481481481; 0.7207207207207207","5e-04","PASS","Author-approved reporting target",""
"H13","bootstrap","Leave-one-out bootstrap p range","0.001; 0.011","0.0009995002498750624; 0.0109945027486256872","5e-05","PASS","Author-approved reporting target",""
"D_mean_discharge_m3_s","discharge","Pearson r and p: mean_discharge_m3_s","0.41; 0.17","0.4050565714750887; 0.1697472831943951","0.005","PASS","Author-approved reporting target",""
"D_discharge_cv","discharge","Pearson r and p: discharge_cv","0.64; 0.018","0.64406045094220532; 0.01751154119761476","0.005; 5e-04","PASS","Author-approved reporting target",""
"D03","discharge","2022 context mean and CV","447.1; 0.482","447.1481481481481524;   0.4819984385797643","0.05; 5e-04","PASS","Author-approved reporting target",""
"D04","discharge","Historical regressions exclude 2022","FALSE","FALSE","0","PASS","Author-approved reporting target",""
"T01","telemetry","Tagged smolts","45","45","0","PASS","Author-approved reporting target",""
"T02","telemetry","Fork length mean and SD (mm)","145; 8.3","145.488888888888880;   8.250681024845003","0.5; 0.05","PASS","Author-approved reporting target",""
"T03","telemetry","Weight mean and SD (g)","27; 5.7","26.737777777777779;  5.686598635423819","0.5; 0.05","PASS","Author-approved reporting target",""
"T04","telemetry","Head of tide or beyond","44","44","0","PASS","Author-approved reporting target",""
"T05","telemetry","Remaining fish detected at D10","TRUE","TRUE","0","PASS","Author-approved reporting target",""
"T06","telemetry","Direct Moses; Butters; neither detections","2; 8; 7","2; 8; 7","0","PASS","Author-approved reporting target",""
"T07","telemetry","Island-network transit fish","21","21","0","PASS","Author-approved reporting target",""
"T08","telemetry","Receiver detected-fish totals","23; 38; 25; 1; 16; 2; 15; 7; 8; 22; 9; 44","23; 38; 25;  1; 16;  2; 15;  7;  8; 22;  9; 44","0","PASS","Author-approved reporting target",""
"T09","time","Quebec offset throughout retained observations","-0400","-0400","0","PASS","Data provider convention confirmed by author",""
"S01","posterior","Published retained draws","10200","10200","0","PASS","Author-approved reporting target",""
"S02","posterior","Draw-wise route partition","TRUE","TRUE","0","PASS","Author-approved reporting target",""
"S_Moses","posterior","Moses mean and 95% CrI","0.269; 0.044; 0.489","0.26948366013071895; 0.04444444444444445; 0.48888888888888887","5e-04","PASS","Author-approved reporting target",""
"A_Moses","diagnostics","Moses R-hat < 1.01 and ESS >= 2900","TRUE","TRUE","0","PASS","Author-approved reporting target","R-hat 1.00007065357244 ; ESS 8675.13967933388 ; MCSE 0.00150974530890261 ; chain means 0.266699346405229 0.271660130718954 0.270091503267974"
"S_Butters","posterior","Butters mean and 95% CrI","0.322; 0.222; 0.356","0.3216274509803921; 0.2222222222222222; 0.3555555555555556","5e-04","PASS","Author-approved reporting target",""
"A_Butters","diagnostics","Butters R-hat < 1.01 and ESS >= 2900","TRUE","TRUE","0","PASS","Author-approved reporting target","R-hat 1.00000080399977 ; ESS 10200 ; MCSE 0.000323694452844122 ; chain means 0.321705882352941 0.321424836601307 0.321751633986928"
"S_Neither","posterior","Neither mean and 95% CrI","0.409; 0.178; 0.644","0.4088888888888889; 0.1777777777777778; 0.6444444444444445","5e-04","PASS","Author-approved reporting target",""
"A_Neither","diagnostics","Neither R-hat < 1.01 and ESS >= 2900","TRUE","TRUE","0","PASS","Author-approved reporting target","R-hat 1.00005888518512 ; ESS 8434.02403924842 ; MCSE 0.00156072328711745 ; chain means 0.41159477124183 0.406915032679739 0.408156862745098"
"S_Conditional_Moses","posterior","Conditional_Moses mean and 95% CrI","0.422; 0.118; 0.629","0.4220780031956161; 0.1176470588235294; 0.6285714285714287","5e-04","PASS","Author-approved reporting target",""
"A_Conditional_Moses","diagnostics","Conditional_Moses R-hat < 1.01 and ESS >= 2900","TRUE","TRUE","0","PASS","Author-approved reporting target","R-hat 1.00007391746082 ; ESS 8800.51064511555 ; MCSE 0.00164705699903013 ; chain means 0.419151232151022 0.424556629378954 0.422526148056872"
"S03","diagnostics","19 probability parameters: R-hat < 1.002 and ESS > 2900","TRUE","TRUE","0","PASS","Author-approved reporting target","coda full-chain estimators, autoburnin=FALSE. This claim does not apply to all monitored latent states."
"S04","diagnostics","Fish 35 route-probability chain agreement","TRUE","TRUE","0","PASS","Author-approved reporting target","Tag 61899; Moses range 0.00676470588235289 ; intermediate latent-state exceptions remain documented."
"C01","cmr","Fixed passage probabilities","0.27; 0.296; 0.434","0.270; 0.296; 0.434","1e-12","PASS","Author-approved reporting target",""
"C01_DERIVATION","cmr","Fixed constants agree with rounded products of posterior transition means","0.27; 0.296; 0.434","0.270; 0.296; 0.434","1e-12","PASS","Author-approved reporting target",""
"C02","cmr","Original diagnostic thresholds","TRUE","TRUE","0","PASS","Author-approved reporting target","Maximum R-hat 1.01138557940097 ; minimum ESS 670 ; structural constants excluded."
"C_theta_B","cmr","theta_B flagged/modelled years","13; 16","13; 16","0","PASS","Author-approved reporting target",""
"C_theta_Mo","cmr","theta_Mo flagged/modelled years","13; 16","13; 16","0","PASS","Author-approved reporting target",""
"C_theta_B_cond","cmr","theta_B_cond flagged/modelled years","13; 16","13; 16","0","PASS","Author-approved reporting target",""
"C_theta_Mo_cond","cmr","theta_Mo_cond flagged/modelled years","13; 16","13; 16","0","PASS","Author-approved reporting target",""
"C_Nm_tot","cmr","Nm_tot flagged/modelled years","16; 18","16; 18","0","PASS","Author-approved reporting target",""
"C03","cmr","Simultaneously satisfactory split years","2009; 2016","2009; 2016","0","PASS","Author-approved reporting target",""
"CELL_0001","reported_table_cell","Table 1 61690 fish_id","61690","61690","0","PASS","audit/reported_table_cells.csv","Audited reporting cells; author-approved 2008 correction. Calculations use analytical inputs, not these reference cells."
"CELL_0002","reported_table_cell","Table 1 61690 fork_length_mm","147","147","0","PASS","audit/reported_table_cells.csv","Audited reporting cells; author-approved 2008 correction. Calculations use analytical inputs, not these reference cells."
"CELL_0003","reported_table_cell","Table 1 61690 weight_g","27.4","27.4","0.050000000001","PASS","audit/reported_table_cells.csv","Audited reporting cells; author-approved 2008 correction. Calculations use analytical inputs, not these reference cells."
"CELL_0004","reported_table_cell","Table 1 61690 RP1","1","1","0","PASS","audit/reported_table_cells.csv","Audited reporting cells; author-approved 2008 correction. Calculations use analytical inputs, not these reference cells."
"CELL_0005","reported_table_cell","Table 1 61690 all_MM","19","19","0","PASS","audit/reported_table_cells.csv","Audited reporting cells; author-approved 2008 correction. Calculations use analytical inputs, not these reference cells."
"CELL_0006","reported_table_cell","Table 1 61690 Rx1","203","203","0","PASS","audit/reported_table_cells.csv","Audited reporting cells; author-approved 2008 correction. Calculations use analytical inputs, not these reference cells."
"CELL_0007","reported_table_cell","Table 1 61690 R1a","0","0","0","PASS","audit/reported_table_cells.csv","Audited reporting cells; author-approved 2008 correction. Calculations use analytical inputs, not these reference cells."
"CELL_0008","reported_table_cell","Table 1 61690 R1b","1","1","0","PASS","audit/reported_table_cells.csv","Audited reporting cells; author-approved 2008 correction. Calculations use analytical inputs, not these reference cells."
"CELL_0009","reported_table_cell","Table 1 61690 R2a","0","0","0","PASS","audit/reported_table_cells.csv","Audited reporting cells; author-approved 2008 correction. Calculations use analytical inputs, not these reference cells."
"CELL_0010","reported_table_cell","Table 1 61690 Rx2b","0","0","0","PASS","audit/reported_table_cells.csv","Audited reporting cells; author-approved 2008 correction. Calculations use analytical inputs, not these reference cells."
"CELL_0011","reported_table_cell","Table 1 61690 Rx2a","0","0","0","PASS","audit/reported_table_cells.csv","Audited reporting cells; author-approved 2008 correction. Calculations use analytical inputs, not these reference cells."
"CELL_0012","reported_table_cell","Table 1 61690 R2b","0","0","0","PASS","audit/reported_table_cells.csv","Audited reporting cells; author-approved 2008 correction. Calculations use analytical inputs, not these reference cells."
"CELL_0013","reported_table_cell","Table 1 61690 R3a","0","0","0","PASS","audit/reported_table_cells.csv","Audited reporting cells; author-approved 2008 correction. Calculations use analytical inputs, not these reference cells."
"CELL_0014","reported_table_cell","Table 1 61690 R3b","0","0","0","PASS","audit/reported_table_cells.csv","Audited reporting cells; author-approved 2008 correction. Calculations use analytical inputs, not these reference cells."
"CELL_0015","reported_table_cell","Table 1 61690 HoT","7","7","0","PASS","audit/reported_table_cells.csv","Audited reporting cells; author-approved 2008 correction. Calculations use analytical inputs, not these reference cells."
"CELL_0016","reported_table_cell","Table 1 61690 Inner_Bay","3","3","0","PASS","audit/reported_table_cells.csv","Audited reporting cells; author-approved 2008 correction. Calculations use analytical inputs, not these reference cells."
"CELL_0017","reported_table_cell","Table 1 61690 Outer_Bay","9","9","0","PASS","audit/reported_table_cells.csv","Audited reporting cells; author-approved 2008 correction. Calculations use analytical inputs, not these reference cells."
"CELL_0018","reported_table_cell","Table 1 61690 all_SoBI","0","0","0","PASS","audit/reported_table_cells.csv","Audited reporting cells; author-approved 2008 correction. Calculations use analytical inputs, not these reference cells."
"CELL_0019","reported_table_cell","Table 1 61690 total_detections","243","243","0","PASS","audit/reported_table_cells.csv","Audited reporting cells; author-approved 2008 correction. Calculations use analytical inputs, not these reference cells."
"CELL_0020","reported_table_cell","Table 1 61690 release_Rx1_days","1.38","1.384537037037037","0.005000000001","PASS","audit/reported_table_cells.csv","Audited reporting cells; author-approved 2008 correction. Calculations use analytical inputs, not these reference cells."
"CELL_0021","reported_table_cell","Table 1 61690 release_HoT_days","3.56","3.556111111111111","0.005000000001","PASS","audit/reported_table_cells.csv","Audited reporting cells; author-approved 2008 correction. Calculations use analytical inputs, not these reference cells."
"CELL_0022","reported_table_cell","Table 1 61690 HoT_inner_days","1.03","1.027916666666667","0.005000000001","PASS","audit/reported_table_cells.csv","Audited reporting cells; author-approved 2008 correction. Calculations use analytical inputs, not these reference cells."
"CELL_0023","reported_table_cell","Table 1 61690 HoT_outer_days","3.94","3.939074074074074","0.005000000001","PASS","audit/reported_table_cells.csv","Audited reporting cells; author-approved 2008 correction. Calculations use analytical inputs, not these reference cells."
"CELL_0024","reported_table_cell","Table 1 61690 HoT_SoBI_days",NA,NA,"0.500000000001","PASS","audit/reported_table_cells.csv","Audited reporting cells; author-approved 2008 correction. Calculations use analytical inputs, not these reference cells."
"CELL_0025","reported_table_cell","Table 1 61691 fish_id","61691","61691","0","PASS","audit/reported_table_cells.csv","Audited reporting cells; author-approved 2008 correction. Calculations use analytical inputs, not these reference cells."
"CELL_0026","reported_table_cell","Table 1 61691 fork_length_mm","145","145","0","PASS","audit/reported_table_cells.csv","Audited reporting cells; author-approved 2008 correction. Calculations use analytical inputs, not these reference cells."
"CELL_0027","reported_table_cell","Table 1 61691 weight_g","25.4","25.4","0.050000000001","PASS","audit/reported_table_cells.csv","Audited reporting cells; author-approved 2008 correction. Calculations use analytical inputs, not these reference cells."
"CELL_0028","reported_table_cell","Table 1 61691 RP1","1","1","0","PASS","audit/reported_table_cells.csv","Audited reporting cells; author-approved 2008 correction. Calculations use analytical inputs, not these reference cells."
"CELL_0029","reported_table_cell","Table 1 61691 all_MM","25","25","0","PASS","audit/reported_table_cells.csv","Audited reporting cells; author-approved 2008 correction. Calculations use analytical inputs, not these reference cells."
"CELL_0030","reported_table_cell","Table 1 61691 Rx1","27","27","0","PASS","audit/reported_table_cells.csv","Audited reporting cells; author-approved 2008 correction. Calculations use analytical inputs, not these reference cells."
"CELL_0031","reported_table_cell","Table 1 61691 R1a","0","0","0","PASS","audit/reported_table_cells.csv","Audited reporting cells; author-approved 2008 correction. Calculations use analytical inputs, not these reference cells."
"CELL_0032","reported_table_cell","Table 1 61691 R1b","1","1","0","PASS","audit/reported_table_cells.csv","Audited reporting cells; author-approved 2008 correction. Calculations use analytical inputs, not these reference cells."
"CELL_0033","reported_table_cell","Table 1 61691 R2a","0","0","0","PASS","audit/reported_table_cells.csv","Audited reporting cells; author-approved 2008 correction. Calculations use analytical inputs, not these reference cells."
"CELL_0034","reported_table_cell","Table 1 61691 Rx2b","1","1","0","PASS","audit/reported_table_cells.csv","Audited reporting cells; author-approved 2008 correction. Calculations use analytical inputs, not these reference cells."
"CELL_0035","reported_table_cell","Table 1 61691 Rx2a","0","0","0","PASS","audit/reported_table_cells.csv","Audited reporting cells; author-approved 2008 correction. Calculations use analytical inputs, not these reference cells."
"CELL_0036","reported_table_cell","Table 1 61691 R2b","0","0","0","PASS","audit/reported_table_cells.csv","Audited reporting cells; author-approved 2008 correction. Calculations use analytical inputs, not these reference cells."
"CELL_0037","reported_table_cell","Table 1 61691 R3a","0","0","0","PASS","audit/reported_table_cells.csv","Audited reporting cells; author-approved 2008 correction. Calculations use analytical inputs, not these reference cells."
"CELL_0038","reported_table_cell","Table 1 61691 R3b","2","2","0","PASS","audit/reported_table_cells.csv","Audited reporting cells; author-approved 2008 correction. Calculations use analytical inputs, not these reference cells."
"CELL_0039","reported_table_cell","Table 1 61691 HoT","15","15","0","PASS","audit/reported_table_cells.csv","Audited reporting cells; author-approved 2008 correction. Calculations use analytical inputs, not these reference cells."
"CELL_0040","reported_table_cell","Table 1 61691 Inner_Bay","0","0","0","PASS","audit/reported_table_cells.csv","Audited reporting cells; author-approved 2008 correction. Calculations use analytical inputs, not these reference cells."
"CELL_0041","reported_table_cell","Table 1 61691 Outer_Bay","27","27","0","PASS","audit/reported_table_cells.csv","Audited reporting cells; author-approved 2008 correction. Calculations use analytical inputs, not these reference cells."
"CELL_0042","reported_table_cell","Table 1 61691 all_SoBI","65","65","0","PASS","audit/reported_table_cells.csv","Audited reporting cells; author-approved 2008 correction. Calculations use analytical inputs, not these reference cells."
"CELL_0043","reported_table_cell","Table 1 61691 total_detections","164","164","0","PASS","audit/reported_table_cells.csv","Audited reporting cells; author-approved 2008 correction. Calculations use analytical inputs, not these reference cells."
"CELL_0044","reported_table_cell","Table 1 61691 release_Rx1_days","1.55","1.554340277777778","0.005000000001","PASS","audit/reported_table_cells.csv","Audited reporting cells; author-approved 2008 correction. Calculations use analytical inputs, not these reference cells."
"CELL_0045","reported_table_cell","Table 1 61691 release_HoT_days","3.95","3.945891203703704","0.005000000001","PASS","audit/reported_table_cells.csv","Audited reporting cells; author-approved 2008 correction. Calculations use analytical inputs, not these reference cells."
"CELL_0046","reported_table_cell","Table 1 61691 HoT_inner_days",NA,NA,"0.500000000001","PASS","audit/reported_table_cells.csv","Audited reporting cells; author-approved 2008 correction. Calculations use analytical inputs, not these reference cells."
"CELL_0047","reported_table_cell","Table 1 61691 HoT_outer_days","6.29","6.289664351851852","0.005000000001","PASS","audit/reported_table_cells.csv","Audited reporting cells; author-approved 2008 correction. Calculations use analytical inputs, not these reference cells."
"CELL_0048","reported_table_cell","Table 1 61691 HoT_SoBI_days","34.7","34.69747685185185","0.005000000001","PASS","audit/reported_table_cells.csv","Audited reporting cells; author-approved 2008 correction. Calculations use analytical inputs, not these reference cells."
"CELL_0049","reported_table_cell","Table 1 61692 fish_id","61692","61692","0","PASS","audit/reported_table_cells.csv","Audited reporting cells; author-approved 2008 correction. Calculations use analytical inputs, not these reference cells."
"CELL_0050","reported_table_cell","Table 1 61692 fork_length_mm","145","145","0","PASS","audit/reported_table_cells.csv","Audited reporting cells; author-approved 2008 correction. Calculations use analytical inputs, not these reference cells."
"CELL_0051","reported_table_cell","Table 1 61692 weight_g","26.1","26.1","0.050000000001","PASS","audit/reported_table_cells.csv","Audited reporting cells; author-approved 2008 correction. Calculations use analytical inputs, not these reference cells."
"CELL_0052","reported_table_cell","Table 1 61692 RP1","1","1","0","PASS","audit/reported_table_cells.csv","Audited reporting cells; author-approved 2008 correction. Calculations use analytical inputs, not these reference cells."
"CELL_0053","reported_table_cell","Table 1 61692 all_MM","18","18","0","PASS","audit/reported_table_cells.csv","Audited reporting cells; author-approved 2008 correction. Calculations use analytical inputs, not these reference cells."
"CELL_0054","reported_table_cell","Table 1 61692 Rx1","1","1","0","PASS","audit/reported_table_cells.csv","Audited reporting cells; author-approved 2008 correction. Calculations use analytical inputs, not these reference cells."
"CELL_0055","reported_table_cell","Table 1 61692 R1a","0","0","0","PASS","audit/reported_table_cells.csv","Audited reporting cells; author-approved 2008 correction. Calculations use analytical inputs, not these reference cells."
"CELL_0056","reported_table_cell","Table 1 61692 R1b","0","0","0","PASS","audit/reported_table_cells.csv","Audited reporting cells; author-approved 2008 correction. Calculations use analytical inputs, not these reference cells."
"CELL_0057","reported_table_cell","Table 1 61692 R2a","0","0","0","PASS","audit/reported_table_cells.csv","Audited reporting cells; author-approved 2008 correction. Calculations use analytical inputs, not these reference cells."
"CELL_0058","reported_table_cell","Table 1 61692 Rx2b","0","0","0","PASS","audit/reported_table_cells.csv","Audited reporting cells; author-approved 2008 correction. Calculations use analytical inputs, not these reference cells."
"CELL_0059","reported_table_cell","Table 1 61692 Rx2a","0","0","0","PASS","audit/reported_table_cells.csv","Audited reporting cells; author-approved 2008 correction. Calculations use analytical inputs, not these reference cells."
"CELL_0060","reported_table_cell","Table 1 61692 R2b","0","0","0","PASS","audit/reported_table_cells.csv","Audited reporting cells; author-approved 2008 correction. Calculations use analytical inputs, not these reference cells."
"CELL_0061","reported_table_cell","Table 1 61692 R3a","1","1","0","PASS","audit/reported_table_cells.csv","Audited reporting cells; author-approved 2008 correction. Calculations use analytical inputs, not these reference cells."
"CELL_0062","reported_table_cell","Table 1 61692 R3b","0","0","0","PASS","audit/reported_table_cells.csv","Audited reporting cells; author-approved 2008 correction. Calculations use analytical inputs, not these reference cells."
"CELL_0063","reported_table_cell","Table 1 61692 HoT","24","24","0","PASS","audit/reported_table_cells.csv","Audited reporting cells; author-approved 2008 correction. Calculations use analytical inputs, not these reference cells."
"CELL_0064","reported_table_cell","Table 1 61692 Inner_Bay","5","5","0","PASS","audit/reported_table_cells.csv","Audited reporting cells; author-approved 2008 correction. Calculations use analytical inputs, not these reference cells."
"CELL_0065","reported_table_cell","Table 1 61692 Outer_Bay","5","5","0","PASS","audit/reported_table_cells.csv","Audited reporting cells; author-approved 2008 correction. Calculations use analytical inputs, not these reference cells."
"CELL_0066","reported_table_cell","Table 1 61692 all_SoBI","0","0","0","PASS","audit/reported_table_cells.csv","Audited reporting cells; author-approved 2008 correction. Calculations use analytical inputs, not these reference cells."
"CELL_0067","reported_table_cell","Table 1 61692 total_detections","55","55","0","PASS","audit/reported_table_cells.csv","Audited reporting cells; author-approved 2008 correction. Calculations use analytical inputs, not these reference cells."
"CELL_0068","reported_table_cell","Table 1 61692 release_Rx1_days","2.07","2.068206018518519","0.005000000001","PASS","audit/reported_table_cells.csv","Audited reporting cells; author-approved 2008 correction. Calculations use analytical inputs, not these reference cells."
"CELL_0069","reported_table_cell","Table 1 61692 release_HoT_days","2.52","2.520474537037037","0.005000000001","PASS","audit/reported_table_cells.csv","Audited reporting cells; author-approved 2008 correction. Calculations use analytical inputs, not these reference cells."
"CELL_0070","reported_table_cell","Table 1 61692 HoT_inner_days","1.47","1.471828703703704","0.005000000001","PASS","audit/reported_table_cells.csv","Audited reporting cells; author-approved 2008 correction. Calculations use analytical inputs, not these reference cells."
"CELL_0071","reported_table_cell","Table 1 61692 HoT_outer_days","3.26","3.260497685185185","0.005000000001","PASS","audit/reported_table_cells.csv","Audited reporting cells; author-approved 2008 correction. Calculations use analytical inputs, not these reference cells."
"CELL_0072","reported_table_cell","Table 1 61692 HoT_SoBI_days",NA,NA,"0.500000000001","PASS","audit/reported_table_cells.csv","Audited reporting cells; author-approved 2008 correction. Calculations use analytical inputs, not these reference cells."
"CELL_0073","reported_table_cell","Table 1 61693 fish_id","61693","61693","0","PASS","audit/reported_table_cells.csv","Audited reporting cells; author-approved 2008 correction. Calculations use analytical inputs, not these reference cells."
"CELL_0074","reported_table_cell","Table 1 61693 fork_length_mm","162","162","0","PASS","audit/reported_table_cells.csv","Audited reporting cells; author-approved 2008 correction. Calculations use analytical inputs, not these reference cells."
"CELL_0075","reported_table_cell","Table 1 61693 weight_g","35.7","35.7","0.050000000001","PASS","audit/reported_table_cells.csv","Audited reporting cells; author-approved 2008 correction. Calculations use analytical inputs, not these reference cells."
"CELL_0076","reported_table_cell","Table 1 61693 RP1","1","1","0","PASS","audit/reported_table_cells.csv","Audited reporting cells; author-approved 2008 correction. Calculations use analytical inputs, not these reference cells."
"CELL_0077","reported_table_cell","Table 1 61693 all_MM","3","3","0","PASS","audit/reported_table_cells.csv","Audited reporting cells; author-approved 2008 correction. Calculations use analytical inputs, not these reference cells."
"CELL_0078","reported_table_cell","Table 1 61693 Rx1","1","1","0","PASS","audit/reported_table_cells.csv","Audited reporting cells; author-approved 2008 correction. Calculations use analytical inputs, not these reference cells."
"CELL_0079","reported_table_cell","Table 1 61693 R1a","0","0","0","PASS","audit/reported_table_cells.csv","Audited reporting cells; author-approved 2008 correction. Calculations use analytical inputs, not these reference cells."
"CELL_0080","reported_table_cell","Table 1 61693 R1b","0","0","0","PASS","audit/reported_table_cells.csv","Audited reporting cells; author-approved 2008 correction. Calculations use analytical inputs, not these reference cells."
"CELL_0081","reported_table_cell","Table 1 61693 R2a","0","0","0","PASS","audit/reported_table_cells.csv","Audited reporting cells; author-approved 2008 correction. Calculations use analytical inputs, not these reference cells."
"CELL_0082","reported_table_cell","Table 1 61693 Rx2b","0","0","0","PASS","audit/reported_table_cells.csv","Audited reporting cells; author-approved 2008 correction. Calculations use analytical inputs, not these reference cells."
"CELL_0083","reported_table_cell","Table 1 61693 Rx2a","0","0","0","PASS","audit/reported_table_cells.csv","Audited reporting cells; author-approved 2008 correction. Calculations use analytical inputs, not these reference cells."
"CELL_0084","reported_table_cell","Table 1 61693 R2b","0","0","0","PASS","audit/reported_table_cells.csv","Audited reporting cells; author-approved 2008 correction. Calculations use analytical inputs, not these reference cells."
"CELL_0085","reported_table_cell","Table 1 61693 R3a","2","2","0","PASS","audit/reported_table_cells.csv","Audited reporting cells; author-approved 2008 correction. Calculations use analytical inputs, not these reference cells."
"CELL_0086","reported_table_cell","Table 1 61693 R3b","0","0","0","PASS","audit/reported_table_cells.csv","Audited reporting cells; author-approved 2008 correction. Calculations use analytical inputs, not these reference cells."
"CELL_0087","reported_table_cell","Table 1 61693 HoT","1","1","0","PASS","audit/reported_table_cells.csv","Audited reporting cells; author-approved 2008 correction. Calculations use analytical inputs, not these reference cells."
"CELL_0088","reported_table_cell","Table 1 61693 Inner_Bay","0","0","0","PASS","audit/reported_table_cells.csv","Audited reporting cells; author-approved 2008 correction. Calculations use analytical inputs, not these reference cells."
"CELL_0089","reported_table_cell","Table 1 61693 Outer_Bay","0","0","0","PASS","audit/reported_table_cells.csv","Audited reporting cells; author-approved 2008 correction. Calculations use analytical inputs, not these reference cells."
"CELL_0090","reported_table_cell","Table 1 61693 all_SoBI","9","9","0","PASS","audit/reported_table_cells.csv","Audited reporting cells; author-approved 2008 correction. Calculations use analytical inputs, not these reference cells."
"CELL_0091","reported_table_cell","Table 1 61693 total_detections","17","17","0","PASS","audit/reported_table_cells.csv","Audited reporting cells; author-approved 2008 correction. Calculations use analytical inputs, not these reference cells."
"CELL_0092","reported_table_cell","Table 1 61693 release_Rx1_days","2.16","2.155173611111111","0.005000000001","PASS","audit/reported_table_cells.csv","Audited reporting cells; author-approved 2008 correction. Calculations use analytical inputs, not these reference cells."
"CELL_0093","reported_table_cell","Table 1 61693 release_HoT_days","3.97","3.972743055555556","0.005000000001","PASS","audit/reported_table_cells.csv","Audited reporting cells; author-approved 2008 correction. Calculations use analytical inputs, not these reference cells."
"CELL_0094","reported_table_cell","Table 1 61693 HoT_inner_days",NA,NA,"0.500000000001","PASS","audit/reported_table_cells.csv","Audited reporting cells; author-approved 2008 correction. Calculations use analytical inputs, not these reference cells."
"CELL_0095","reported_table_cell","Table 1 61693 HoT_outer_days",NA,NA,"0.500000000001","PASS","audit/reported_table_cells.csv","Audited reporting cells; author-approved 2008 correction. Calculations use analytical inputs, not these reference cells."
"CELL_0096","reported_table_cell","Table 1 61693 HoT_SoBI_days","33.56","33.55824074074074","0.005000000001","PASS","audit/reported_table_cells.csv","Audited reporting cells; author-approved 2008 correction. Calculations use analytical inputs, not these reference cells."
"CELL_0097","reported_table_cell","Table 1 61834 fish_id","61834","61834","0","PASS","audit/reported_table_cells.csv","Audited reporting cells; author-approved 2008 correction. Calculations use analytical inputs, not these reference cells."
"CELL_0098","reported_table_cell","Table 1 61834 fork_length_mm","146","146","0","PASS","audit/reported_table_cells.csv","Audited reporting cells; author-approved 2008 correction. Calculations use analytical inputs, not these reference cells."
"CELL_0099","reported_table_cell","Table 1 61834 weight_g","25.6","25.6","0.050000000001","PASS","audit/reported_table_cells.csv","Audited reporting cells; author-approved 2008 correction. Calculations use analytical inputs, not these reference cells."
"CELL_0100","reported_table_cell","Table 1 61834 RP1","1","1","0","PASS","audit/reported_table_cells.csv","Audited reporting cells; author-approved 2008 correction. Calculations use analytical inputs, not these reference cells."
"CELL_0101","reported_table_cell","Table 1 61834 all_MM","10","10","0","PASS","audit/reported_table_cells.csv","Audited reporting cells; author-approved 2008 correction. Calculations use analytical inputs, not these reference cells."
"CELL_0102","reported_table_cell","Table 1 61834 Rx1","1","1","0","PASS","audit/reported_table_cells.csv","Audited reporting cells; author-approved 2008 correction. Calculations use analytical inputs, not these reference cells."
"CELL_0103","reported_table_cell","Table 1 61834 R1a","0","0","0","PASS","audit/reported_table_cells.csv","Audited reporting cells; author-approved 2008 correction. Calculations use analytical inputs, not these reference cells."
"CELL_0104","reported_table_cell","Table 1 61834 R1b","2","2","0","PASS","audit/reported_table_cells.csv","Audited reporting cells; author-approved 2008 correction. Calculations use analytical inputs, not these reference cells."
"CELL_0105","reported_table_cell","Table 1 61834 R2a","0","0","0","PASS","audit/reported_table_cells.csv","Audited reporting cells; author-approved 2008 correction. Calculations use analytical inputs, not these reference cells."
"CELL_0106","reported_table_cell","Table 1 61834 Rx2b","1","1","0","PASS","audit/reported_table_cells.csv","Audited reporting cells; author-approved 2008 correction. Calculations use analytical inputs, not these reference cells."
"CELL_0107","reported_table_cell","Table 1 61834 Rx2a","0","0","0","PASS","audit/reported_table_cells.csv","Audited reporting cells; author-approved 2008 correction. Calculations use analytical inputs, not these reference cells."
"CELL_0108","reported_table_cell","Table 1 61834 R2b","0","0","0","PASS","audit/reported_table_cells.csv","Audited reporting cells; author-approved 2008 correction. Calculations use analytical inputs, not these reference cells."
"CELL_0109","reported_table_cell","Table 1 61834 R3a","0","0","0","PASS","audit/reported_table_cells.csv","Audited reporting cells; author-approved 2008 correction. Calculations use analytical inputs, not these reference cells."
"CELL_0110","reported_table_cell","Table 1 61834 R3b","0","0","0","PASS","audit/reported_table_cells.csv","Audited reporting cells; author-approved 2008 correction. Calculations use analytical inputs, not these reference cells."
"CELL_0111","reported_table_cell","Table 1 61834 HoT","24","24","0","PASS","audit/reported_table_cells.csv","Audited reporting cells; author-approved 2008 correction. Calculations use analytical inputs, not these reference cells."
"CELL_0112","reported_table_cell","Table 1 61834 Inner_Bay","0","0","0","PASS","audit/reported_table_cells.csv","Audited reporting cells; author-approved 2008 correction. Calculations use analytical inputs, not these reference cells."
"CELL_0113","reported_table_cell","Table 1 61834 Outer_Bay","3","3","0","PASS","audit/reported_table_cells.csv","Audited reporting cells; author-approved 2008 correction. Calculations use analytical inputs, not these reference cells."
"CELL_0114","reported_table_cell","Table 1 61834 all_SoBI","8","8","0","PASS","audit/reported_table_cells.csv","Audited reporting cells; author-approved 2008 correction. Calculations use analytical inputs, not these reference cells."
"CELL_0115","reported_table_cell","Table 1 61834 total_detections","50","50","0","PASS","audit/reported_table_cells.csv","Audited reporting cells; author-approved 2008 correction. Calculations use analytical inputs, not these reference cells."
"CELL_0116","reported_table_cell","Table 1 61834 release_Rx1_days","1.43","1.434155092592593","0.005000000001","PASS","audit/reported_table_cells.csv","Audited reporting cells; author-approved 2008 correction. Calculations use analytical inputs, not these reference cells."
"CELL_0117","reported_table_cell","Table 1 61834 release_HoT_days","3.62","3.617407407407407","0.005000000001","PASS","audit/reported_table_cells.csv","Audited reporting cells; author-approved 2008 correction. Calculations use analytical inputs, not these reference cells."
"CELL_0118","reported_table_cell","Table 1 61834 HoT_inner_days",NA,NA,"0.500000000001","PASS","audit/reported_table_cells.csv","Audited reporting cells; author-approved 2008 correction. Calculations use analytical inputs, not these reference cells."
"CELL_0119","reported_table_cell","Table 1 61834 HoT_outer_days","5.46","5.456030092592592","0.005000000001","PASS","audit/reported_table_cells.csv","Audited reporting cells; author-approved 2008 correction. Calculations use analytical inputs, not these reference cells."
"CELL_0120","reported_table_cell","Table 1 61834 HoT_SoBI_days","32.83","32.83325231481481","0.005000000001","PASS","audit/reported_table_cells.csv","Audited reporting cells; author-approved 2008 correction. Calculations use analytical inputs, not these reference cells."
"CELL_0121","reported_table_cell","Table 1 61835 fish_id","61835","61835","0","PASS","audit/reported_table_cells.csv","Audited reporting cells; author-approved 2008 correction. Calculations use analytical inputs, not these reference cells."
"CELL_0122","reported_table_cell","Table 1 61835 fork_length_mm","139","139","0","PASS","audit/reported_table_cells.csv","Audited reporting cells; author-approved 2008 correction. Calculations use analytical inputs, not these reference cells."
"CELL_0123","reported_table_cell","Table 1 61835 weight_g","21","21","0.500000000001","PASS","audit/reported_table_cells.csv","Audited reporting cells; author-approved 2008 correction. Calculations use analytical inputs, not these reference cells."
"CELL_0124","reported_table_cell","Table 1 61835 RP1","0","0","0","PASS","audit/reported_table_cells.csv","Audited reporting cells; author-approved 2008 correction. Calculations use analytical inputs, not these reference cells."
"CELL_0125","reported_table_cell","Table 1 61835 all_MM","10","10","0","PASS","audit/reported_table_cells.csv","Audited reporting cells; author-approved 2008 correction. Calculations use analytical inputs, not these reference cells."
"CELL_0126","reported_table_cell","Table 1 61835 Rx1","4","4","0","PASS","audit/reported_table_cells.csv","Audited reporting cells; author-approved 2008 correction. Calculations use analytical inputs, not these reference cells."
"CELL_0127","reported_table_cell","Table 1 61835 R1a","0","0","0","PASS","audit/reported_table_cells.csv","Audited reporting cells; author-approved 2008 correction. Calculations use analytical inputs, not these reference cells."
"CELL_0128","reported_table_cell","Table 1 61835 R1b","7","7","0","PASS","audit/reported_table_cells.csv","Audited reporting cells; author-approved 2008 correction. Calculations use analytical inputs, not these reference cells."
"CELL_0129","reported_table_cell","Table 1 61835 R2a","0","0","0","PASS","audit/reported_table_cells.csv","Audited reporting cells; author-approved 2008 correction. Calculations use analytical inputs, not these reference cells."
"CELL_0130","reported_table_cell","Table 1 61835 Rx2b","0","0","0","PASS","audit/reported_table_cells.csv","Audited reporting cells; author-approved 2008 correction. Calculations use analytical inputs, not these reference cells."
"CELL_0131","reported_table_cell","Table 1 61835 Rx2a","3","3","0","PASS","audit/reported_table_cells.csv","Audited reporting cells; author-approved 2008 correction. Calculations use analytical inputs, not these reference cells."
"CELL_0132","reported_table_cell","Table 1 61835 R2b","0","0","0","PASS","audit/reported_table_cells.csv","Audited reporting cells; author-approved 2008 correction. Calculations use analytical inputs, not these reference cells."
"CELL_0133","reported_table_cell","Table 1 61835 R3a","3","3","0","PASS","audit/reported_table_cells.csv","Audited reporting cells; author-approved 2008 correction. Calculations use analytical inputs, not these reference cells."
"CELL_0134","reported_table_cell","Table 1 61835 R3b","0","0","0","PASS","audit/reported_table_cells.csv","Audited reporting cells; author-approved 2008 correction. Calculations use analytical inputs, not these reference cells."
"CELL_0135","reported_table_cell","Table 1 61835 HoT","18","18","0","PASS","audit/reported_table_cells.csv","Audited reporting cells; author-approved 2008 correction. Calculations use analytical inputs, not these reference cells."
"CELL_0136","reported_table_cell","Table 1 61835 Inner_Bay","9","9","0","PASS","audit/reported_table_cells.csv","Audited reporting cells; author-approved 2008 correction. Calculations use analytical inputs, not these reference cells."
"CELL_0137","reported_table_cell","Table 1 61835 Outer_Bay","143","143","0","PASS","audit/reported_table_cells.csv","Audited reporting cells; author-approved 2008 correction. Calculations use analytical inputs, not these reference cells."
"CELL_0138","reported_table_cell","Table 1 61835 all_SoBI","2","2","0","PASS","audit/reported_table_cells.csv","Audited reporting cells; author-approved 2008 correction. Calculations use analytical inputs, not these reference cells."
"CELL_0139","reported_table_cell","Table 1 61835 total_detections","199","199","0","PASS","audit/reported_table_cells.csv","Audited reporting cells; author-approved 2008 correction. Calculations use analytical inputs, not these reference cells."
"CELL_0140","reported_table_cell","Table 1 61835 release_Rx1_days","1.35","1.348043981481482","0.005000000001","PASS","audit/reported_table_cells.csv","Audited reporting cells; author-approved 2008 correction. Calculations use analytical inputs, not these reference cells."
"CELL_0141","reported_table_cell","Table 1 61835 release_HoT_days","3.98","3.98119212962963","0.005000000001","PASS","audit/reported_table_cells.csv","Audited reporting cells; author-approved 2008 correction. Calculations use analytical inputs, not these reference cells."
"CELL_0142","reported_table_cell","Table 1 61835 HoT_inner_days","1.15","1.153425925925926","0.005000000001","PASS","audit/reported_table_cells.csv","Audited reporting cells; author-approved 2008 correction. Calculations use analytical inputs, not these reference cells."
"CELL_0143","reported_table_cell","Table 1 61835 HoT_outer_days","3.62","3.620833333333333","0.005000000001","PASS","audit/reported_table_cells.csv","Audited reporting cells; author-approved 2008 correction. Calculations use analytical inputs, not these reference cells."
"CELL_0144","reported_table_cell","Table 1 61835 HoT_SoBI_days","37.05","37.05099537037037","0.005000000001","PASS","audit/reported_table_cells.csv","Audited reporting cells; author-approved 2008 correction. Calculations use analytical inputs, not these reference cells."
"CELL_0145","reported_table_cell","Table 1 61836 fish_id","61836","61836","0","PASS","audit/reported_table_cells.csv","Audited reporting cells; author-approved 2008 correction. Calculations use analytical inputs, not these reference cells."
"CELL_0146","reported_table_cell","Table 1 61836 fork_length_mm","163","163","0","PASS","audit/reported_table_cells.csv","Audited reporting cells; author-approved 2008 correction. Calculations use analytical inputs, not these reference cells."
"CELL_0147","reported_table_cell","Table 1 61836 weight_g","42.5","42.5","0.050000000001","PASS","audit/reported_table_cells.csv","Audited reporting cells; author-approved 2008 correction. Calculations use analytical inputs, not these reference cells."
"CELL_0148","reported_table_cell","Table 1 61836 RP1","1","1","0","PASS","audit/reported_table_cells.csv","Audited reporting cells; author-approved 2008 correction. Calculations use analytical inputs, not these reference cells."
"CELL_0149","reported_table_cell","Table 1 61836 all_MM","3","3","0","PASS","audit/reported_table_cells.csv","Audited reporting cells; author-approved 2008 correction. Calculations use analytical inputs, not these reference cells."
"CELL_0150","reported_table_cell","Table 1 61836 Rx1","0","0","0","PASS","audit/reported_table_cells.csv","Audited reporting cells; author-approved 2008 correction. Calculations use analytical inputs, not these reference cells."
"CELL_0151","reported_table_cell","Table 1 61836 R1a","0","0","0","PASS","audit/reported_table_cells.csv","Audited reporting cells; author-approved 2008 correction. Calculations use analytical inputs, not these reference cells."
"CELL_0152","reported_table_cell","Table 1 61836 R1b","0","0","0","PASS","audit/reported_table_cells.csv","Audited reporting cells; author-approved 2008 correction. Calculations use analytical inputs, not these reference cells."
"CELL_0153","reported_table_cell","Table 1 61836 R2a","0","0","0","PASS","audit/reported_table_cells.csv","Audited reporting cells; author-approved 2008 correction. Calculations use analytical inputs, not these reference cells."
"CELL_0154","reported_table_cell","Table 1 61836 Rx2b","0","0","0","PASS","audit/reported_table_cells.csv","Audited reporting cells; author-approved 2008 correction. Calculations use analytical inputs, not these reference cells."
"CELL_0155","reported_table_cell","Table 1 61836 Rx2a","0","0","0","PASS","audit/reported_table_cells.csv","Audited reporting cells; author-approved 2008 correction. Calculations use analytical inputs, not these reference cells."
"CELL_0156","reported_table_cell","Table 1 61836 R2b","0","0","0","PASS","audit/reported_table_cells.csv","Audited reporting cells; author-approved 2008 correction. Calculations use analytical inputs, not these reference cells."
"CELL_0157","reported_table_cell","Table 1 61836 R3a","1","1","0","PASS","audit/reported_table_cells.csv","Audited reporting cells; author-approved 2008 correction. Calculations use analytical inputs, not these reference cells."
"CELL_0158","reported_table_cell","Table 1 61836 R3b","0","0","0","PASS","audit/reported_table_cells.csv","Audited reporting cells; author-approved 2008 correction. Calculations use analytical inputs, not these reference cells."
"CELL_0159","reported_table_cell","Table 1 61836 HoT","69","69","0","PASS","audit/reported_table_cells.csv","Audited reporting cells; author-approved 2008 correction. Calculations use analytical inputs, not these reference cells."
"CELL_0160","reported_table_cell","Table 1 61836 Inner_Bay","0","0","0","PASS","audit/reported_table_cells.csv","Audited reporting cells; author-approved 2008 correction. Calculations use analytical inputs, not these reference cells."
"CELL_0161","reported_table_cell","Table 1 61836 Outer_Bay","20","20","0","PASS","audit/reported_table_cells.csv","Audited reporting cells; author-approved 2008 correction. Calculations use analytical inputs, not these reference cells."
"CELL_0162","reported_table_cell","Table 1 61836 all_SoBI","12","12","0","PASS","audit/reported_table_cells.csv","Audited reporting cells; author-approved 2008 correction. Calculations use analytical inputs, not these reference cells."
"CELL_0163","reported_table_cell","Table 1 61836 total_detections","106","106","0","PASS","audit/reported_table_cells.csv","Audited reporting cells; author-approved 2008 correction. Calculations use analytical inputs, not these reference cells."
"CELL_0164","reported_table_cell","Table 1 61836 release_Rx1_days",NA,NA,"0.500000000001","PASS","audit/reported_table_cells.csv","Audited reporting cells; author-approved 2008 correction. Calculations use analytical inputs, not these reference cells."
"CELL_0165","reported_table_cell","Table 1 61836 release_HoT_days","5.32","5.318599537037037","0.005000000001","PASS","audit/reported_table_cells.csv","Audited reporting cells; author-approved 2008 correction. Calculations use analytical inputs, not these reference cells."
"CELL_0166","reported_table_cell","Table 1 61836 HoT_inner_days",NA,NA,"0.500000000001","PASS","audit/reported_table_cells.csv","Audited reporting cells; author-approved 2008 correction. Calculations use analytical inputs, not these reference cells."
"CELL_0167","reported_table_cell","Table 1 61836 HoT_outer_days","4.74","4.740810185185185","0.005000000001","PASS","audit/reported_table_cells.csv","Audited reporting cells; author-approved 2008 correction. Calculations use analytical inputs, not these reference cells."
"CELL_0168","reported_table_cell","Table 1 61836 HoT_SoBI_days","31.57","31.57045138888889","0.005000000001","PASS","audit/reported_table_cells.csv","Audited reporting cells; author-approved 2008 correction. Calculations use analytical inputs, not these reference cells."
"CELL_0169","reported_table_cell","Table 1 61837 fish_id","61837","61837","0","PASS","audit/reported_table_cells.csv","Audited reporting cells; author-approved 2008 correction. Calculations use analytical inputs, not these reference cells."
"CELL_0170","reported_table_cell","Table 1 61837 fork_length_mm","132","132","0","PASS","audit/reported_table_cells.csv","Audited reporting cells; author-approved 2008 correction. Calculations use analytical inputs, not these reference cells."
"CELL_0171","reported_table_cell","Table 1 61837 weight_g","20.8","20.8","0.050000000001","PASS","audit/reported_table_cells.csv","Audited reporting cells; author-approved 2008 correction. Calculations use analytical inputs, not these reference cells."
"CELL_0172","reported_table_cell","Table 1 61837 RP1","1","1","0","PASS","audit/reported_table_cells.csv","Audited reporting cells; author-approved 2008 correction. Calculations use analytical inputs, not these reference cells."
"CELL_0173","reported_table_cell","Table 1 61837 all_MM","6","6","0","PASS","audit/reported_table_cells.csv","Audited reporting cells; author-approved 2008 correction. Calculations use analytical inputs, not these reference cells."
"CELL_0174","reported_table_cell","Table 1 61837 Rx1","1","1","0","PASS","audit/reported_table_cells.csv","Audited reporting cells; author-approved 2008 correction. Calculations use analytical inputs, not these reference cells."
"CELL_0175","reported_table_cell","Table 1 61837 R1a","0","0","0","PASS","audit/reported_table_cells.csv","Audited reporting cells; author-approved 2008 correction. Calculations use analytical inputs, not these reference cells."
"CELL_0176","reported_table_cell","Table 1 61837 R1b","3","3","0","PASS","audit/reported_table_cells.csv","Audited reporting cells; author-approved 2008 correction. Calculations use analytical inputs, not these reference cells."
"CELL_0177","reported_table_cell","Table 1 61837 R2a","0","0","0","PASS","audit/reported_table_cells.csv","Audited reporting cells; author-approved 2008 correction. Calculations use analytical inputs, not these reference cells."
"CELL_0178","reported_table_cell","Table 1 61837 Rx2b","4","4","0","PASS","audit/reported_table_cells.csv","Audited reporting cells; author-approved 2008 correction. Calculations use analytical inputs, not these reference cells."
"CELL_0179","reported_table_cell","Table 1 61837 Rx2a","0","0","0","PASS","audit/reported_table_cells.csv","Audited reporting cells; author-approved 2008 correction. Calculations use analytical inputs, not these reference cells."
"CELL_0180","reported_table_cell","Table 1 61837 R2b","1","1","0","PASS","audit/reported_table_cells.csv","Audited reporting cells; author-approved 2008 correction. Calculations use analytical inputs, not these reference cells."
"CELL_0181","reported_table_cell","Table 1 61837 R3a","0","0","0","PASS","audit/reported_table_cells.csv","Audited reporting cells; author-approved 2008 correction. Calculations use analytical inputs, not these reference cells."
"CELL_0182","reported_table_cell","Table 1 61837 R3b","2","2","0","PASS","audit/reported_table_cells.csv","Audited reporting cells; author-approved 2008 correction. Calculations use analytical inputs, not these reference cells."
"CELL_0183","reported_table_cell","Table 1 61837 HoT","13","13","0","PASS","audit/reported_table_cells.csv","Audited reporting cells; author-approved 2008 correction. Calculations use analytical inputs, not these reference cells."
"CELL_0184","reported_table_cell","Table 1 61837 Inner_Bay","9","9","0","PASS","audit/reported_table_cells.csv","Audited reporting cells; author-approved 2008 correction. Calculations use analytical inputs, not these reference cells."
"CELL_0185","reported_table_cell","Table 1 61837 Outer_Bay","8","8","0","PASS","audit/reported_table_cells.csv","Audited reporting cells; author-approved 2008 correction. Calculations use analytical inputs, not these reference cells."
"CELL_0186","reported_table_cell","Table 1 61837 all_SoBI","2","2","0","PASS","audit/reported_table_cells.csv","Audited reporting cells; author-approved 2008 correction. Calculations use analytical inputs, not these reference cells."
"CELL_0187","reported_table_cell","Table 1 61837 total_detections","50","50","0","PASS","audit/reported_table_cells.csv","Audited reporting cells; author-approved 2008 correction. Calculations use analytical inputs, not these reference cells."
"CELL_0188","reported_table_cell","Table 1 61837 release_Rx1_days","2.26","2.260069444444444","0.005000000001","PASS","audit/reported_table_cells.csv","Audited reporting cells; author-approved 2008 correction. Calculations use analytical inputs, not these reference cells."
"CELL_0189","reported_table_cell","Table 1 61837 release_HoT_days","3.94","3.937476851851852","0.005000000001","PASS","audit/reported_table_cells.csv","Audited reporting cells; author-approved 2008 correction. Calculations use analytical inputs, not these reference cells."
"CELL_0190","reported_table_cell","Table 1 61837 HoT_inner_days","0.66","0.6648842592592593","0.005000000001","PASS","audit/reported_table_cells.csv","Audited reporting cells; author-approved 2008 correction. Calculations use analytical inputs, not these reference cells."
"CELL_0191","reported_table_cell","Table 1 61837 HoT_outer_days","3.66","3.664259259259259","0.005000000001","PASS","audit/reported_table_cells.csv","Audited reporting cells; author-approved 2008 correction. Calculations use analytical inputs, not these reference cells."
"CELL_0192","reported_table_cell","Table 1 61837 HoT_SoBI_days","37.08","37.08113425925926","0.005000000001","PASS","audit/reported_table_cells.csv","Audited reporting cells; author-approved 2008 correction. Calculations use analytical inputs, not these reference cells."
"CELL_0193","reported_table_cell","Table 1 61838 fish_id","61838","61838","0","PASS","audit/reported_table_cells.csv","Audited reporting cells; author-approved 2008 correction. Calculations use analytical inputs, not these reference cells."
"CELL_0194","reported_table_cell","Table 1 61838 fork_length_mm","148","148","0","PASS","audit/reported_table_cells.csv","Audited reporting cells; author-approved 2008 correction. Calculations use analytical inputs, not these reference cells."
"CELL_0195","reported_table_cell","Table 1 61838 weight_g","28.9","28.9","0.050000000001","PASS","audit/reported_table_cells.csv","Audited reporting cells; author-approved 2008 correction. Calculations use analytical inputs, not these reference cells."
"CELL_0196","reported_table_cell","Table 1 61838 RP1","1","1","0","PASS","audit/reported_table_cells.csv","Audited reporting cells; author-approved 2008 correction. Calculations use analytical inputs, not these reference cells."
"CELL_0197","reported_table_cell","Table 1 61838 all_MM","7","7","0","PASS","audit/reported_table_cells.csv","Audited reporting cells; author-approved 2008 correction. Calculations use analytical inputs, not these reference cells."
"CELL_0198","reported_table_cell","Table 1 61838 Rx1","1","1","0","PASS","audit/reported_table_cells.csv","Audited reporting cells; author-approved 2008 correction. Calculations use analytical inputs, not these reference cells."
"CELL_0199","reported_table_cell","Table 1 61838 R1a","0","0","0","PASS","audit/reported_table_cells.csv","Audited reporting cells; author-approved 2008 correction. Calculations use analytical inputs, not these reference cells."
"CELL_0200","reported_table_cell","Table 1 61838 R1b","8","8","0","PASS","audit/reported_table_cells.csv","Audited reporting cells; author-approved 2008 correction. Calculations use analytical inputs, not these reference cells."
"CELL_0201","reported_table_cell","Table 1 61838 R2a","0","0","0","PASS","audit/reported_table_cells.csv","Audited reporting cells; author-approved 2008 correction. Calculations use analytical inputs, not these reference cells."
"CELL_0202","reported_table_cell","Table 1 61838 Rx2b","9","9","0","PASS","audit/reported_table_cells.csv","Audited reporting cells; author-approved 2008 correction. Calculations use analytical inputs, not these reference cells."
"CELL_0203","reported_table_cell","Table 1 61838 Rx2a","0","0","0","PASS","audit/reported_table_cells.csv","Audited reporting cells; author-approved 2008 correction. Calculations use analytical inputs, not these reference cells."
"CELL_0204","reported_table_cell","Table 1 61838 R2b","0","0","0","PASS","audit/reported_table_cells.csv","Audited reporting cells; author-approved 2008 correction. Calculations use analytical inputs, not these reference cells."
"CELL_0205","reported_table_cell","Table 1 61838 R3a","0","0","0","PASS","audit/reported_table_cells.csv","Audited reporting cells; author-approved 2008 correction. Calculations use analytical inputs, not these reference cells."
"CELL_0206","reported_table_cell","Table 1 61838 R3b","28","28","0","PASS","audit/reported_table_cells.csv","Audited reporting cells; author-approved 2008 correction. Calculations use analytical inputs, not these reference cells."
"CELL_0207","reported_table_cell","Table 1 61838 HoT","44","44","0","PASS","audit/reported_table_cells.csv","Audited reporting cells; author-approved 2008 correction. Calculations use analytical inputs, not these reference cells."
"CELL_0208","reported_table_cell","Table 1 61838 Inner_Bay","0","0","0","PASS","audit/reported_table_cells.csv","Audited reporting cells; author-approved 2008 correction. Calculations use analytical inputs, not these reference cells."
"CELL_0209","reported_table_cell","Table 1 61838 Outer_Bay","8","8","0","PASS","audit/reported_table_cells.csv","Audited reporting cells; author-approved 2008 correction. Calculations use analytical inputs, not these reference cells."
"CELL_0210","reported_table_cell","Table 1 61838 all_SoBI","0","0","0","PASS","audit/reported_table_cells.csv","Audited reporting cells; author-approved 2008 correction. Calculations use analytical inputs, not these reference cells."
"CELL_0211","reported_table_cell","Table 1 61838 total_detections","106","106","0","PASS","audit/reported_table_cells.csv","Audited reporting cells; author-approved 2008 correction. Calculations use analytical inputs, not these reference cells."
"CELL_0212","reported_table_cell","Table 1 61838 release_Rx1_days","2.26","2.260335648148148","0.005000000001","PASS","audit/reported_table_cells.csv","Audited reporting cells; author-approved 2008 correction. Calculations use analytical inputs, not these reference cells."
"CELL_0213","reported_table_cell","Table 1 61838 release_HoT_days","4.41","4.407511574074074","0.005000000001","PASS","audit/reported_table_cells.csv","Audited reporting cells; author-approved 2008 correction. Calculations use analytical inputs, not these reference cells."
"CELL_0214","reported_table_cell","Table 1 61838 HoT_inner_days",NA,NA,"0.500000000001","PASS","audit/reported_table_cells.csv","Audited reporting cells; author-approved 2008 correction. Calculations use analytical inputs, not these reference cells."
"CELL_0215","reported_table_cell","Table 1 61838 HoT_outer_days","4.66","4.66050925925926","0.005000000001","PASS","audit/reported_table_cells.csv","Audited reporting cells; author-approved 2008 correction. Calculations use analytical inputs, not these reference cells."
"CELL_0216","reported_table_cell","Table 1 61838 HoT_SoBI_days",NA,NA,"0.500000000001","PASS","audit/reported_table_cells.csv","Audited reporting cells; author-approved 2008 correction. Calculations use analytical inputs, not these reference cells."
"CELL_0217","reported_table_cell","Table 1 61839 fish_id","61839","61839","0","PASS","audit/reported_table_cells.csv","Audited reporting cells; author-approved 2008 correction. Calculations use analytical inputs, not these reference cells."
"CELL_0218","reported_table_cell","Table 1 61839 fork_length_mm","147","147","0","PASS","audit/reported_table_cells.csv","Audited reporting cells; author-approved 2008 correction. Calculations use analytical inputs, not these reference cells."
"CELL_0219","reported_table_cell","Table 1 61839 weight_g","26.1","26.1","0.050000000001","PASS","audit/reported_table_cells.csv","Audited reporting cells; author-approved 2008 correction. Calculations use analytical inputs, not these reference cells."
"CELL_0220","reported_table_cell","Table 1 61839 RP1","0","0","0","PASS","audit/reported_table_cells.csv","Audited reporting cells; author-approved 2008 correction. Calculations use analytical inputs, not these reference cells."
"CELL_0221","reported_table_cell","Table 1 61839 all_MM","0","0","0","PASS","audit/reported_table_cells.csv","Audited reporting cells; author-approved 2008 correction. Calculations use analytical inputs, not these reference cells."
"CELL_0222","reported_table_cell","Table 1 61839 Rx1","0","0","0","PASS","audit/reported_table_cells.csv","Audited reporting cells; author-approved 2008 correction. Calculations use analytical inputs, not these reference cells."
"CELL_0223","reported_table_cell","Table 1 61839 R1a","4","4","0","PASS","audit/reported_table_cells.csv","Audited reporting cells; author-approved 2008 correction. Calculations use analytical inputs, not these reference cells."
"CELL_0224","reported_table_cell","Table 1 61839 R1b","0","0","0","PASS","audit/reported_table_cells.csv","Audited reporting cells; author-approved 2008 correction. Calculations use analytical inputs, not these reference cells."
"CELL_0225","reported_table_cell","Table 1 61839 R2a","0","0","0","PASS","audit/reported_table_cells.csv","Audited reporting cells; author-approved 2008 correction. Calculations use analytical inputs, not these reference cells."
"CELL_0226","reported_table_cell","Table 1 61839 Rx2b","0","0","0","PASS","audit/reported_table_cells.csv","Audited reporting cells; author-approved 2008 correction. Calculations use analytical inputs, not these reference cells."
"CELL_0227","reported_table_cell","Table 1 61839 Rx2a","0","0","0","PASS","audit/reported_table_cells.csv","Audited reporting cells; author-approved 2008 correction. Calculations use analytical inputs, not these reference cells."
"CELL_0228","reported_table_cell","Table 1 61839 R2b","0","0","0","PASS","audit/reported_table_cells.csv","Audited reporting cells; author-approved 2008 correction. Calculations use analytical inputs, not these reference cells."
"CELL_0229","reported_table_cell","Table 1 61839 R3a","1","1","0","PASS","audit/reported_table_cells.csv","Audited reporting cells; author-approved 2008 correction. Calculations use analytical inputs, not these reference cells."
"CELL_0230","reported_table_cell","Table 1 61839 R3b","0","0","0","PASS","audit/reported_table_cells.csv","Audited reporting cells; author-approved 2008 correction. Calculations use analytical inputs, not these reference cells."
"CELL_0231","reported_table_cell","Table 1 61839 HoT","584","584","0","PASS","audit/reported_table_cells.csv","Audited reporting cells; author-approved 2008 correction. Calculations use analytical inputs, not these reference cells."
"CELL_0232","reported_table_cell","Table 1 61839 Inner_Bay","5","5","0","PASS","audit/reported_table_cells.csv","Audited reporting cells; author-approved 2008 correction. Calculations use analytical inputs, not these reference cells."
"CELL_0233","reported_table_cell","Table 1 61839 Outer_Bay","14","14","0","PASS","audit/reported_table_cells.csv","Audited reporting cells; author-approved 2008 correction. Calculations use analytical inputs, not these reference cells."
"CELL_0234","reported_table_cell","Table 1 61839 all_SoBI","2","2","0","PASS","audit/reported_table_cells.csv","Audited reporting cells; author-approved 2008 correction. Calculations use analytical inputs, not these reference cells."
"CELL_0235","reported_table_cell","Table 1 61839 total_detections","610","610","0","PASS","audit/reported_table_cells.csv","Audited reporting cells; author-approved 2008 correction. Calculations use analytical inputs, not these reference cells."
"CELL_0236","reported_table_cell","Table 1 61839 release_Rx1_days",NA,NA,"0.500000000001","PASS","audit/reported_table_cells.csv","Audited reporting cells; author-approved 2008 correction. Calculations use analytical inputs, not these reference cells."
"CELL_0237","reported_table_cell","Table 1 61839 release_HoT_days","7.25","7.253784722222222","0.005000000001","PASS","audit/reported_table_cells.csv","Audited reporting cells; author-approved 2008 correction. Calculations use analytical inputs, not these reference cells."
"CELL_0238","reported_table_cell","Table 1 61839 HoT_inner_days","0.6","0.6013773148148148","0.005000000001","PASS","audit/reported_table_cells.csv","Audited reporting cells; author-approved 2008 correction. Calculations use analytical inputs, not these reference cells."
"CELL_0239","reported_table_cell","Table 1 61839 HoT_outer_days","4.3","4.300405092592593","0.005000000001","PASS","audit/reported_table_cells.csv","Audited reporting cells; author-approved 2008 correction. Calculations use analytical inputs, not these reference cells."
"CELL_0240","reported_table_cell","Table 1 61839 HoT_SoBI_days","30.42","30.41805555555555","0.005000000001","PASS","audit/reported_table_cells.csv","Audited reporting cells; author-approved 2008 correction. Calculations use analytical inputs, not these reference cells."
"CELL_0241","reported_table_cell","Table 1 61840 fish_id","61840","61840","0","PASS","audit/reported_table_cells.csv","Audited reporting cells; author-approved 2008 correction. Calculations use analytical inputs, not these reference cells."
"CELL_0242","reported_table_cell","Table 1 61840 fork_length_mm","142","142","0","PASS","audit/reported_table_cells.csv","Audited reporting cells; author-approved 2008 correction. Calculations use analytical inputs, not these reference cells."
"CELL_0243","reported_table_cell","Table 1 61840 weight_g","25.8","25.8","0.050000000001","PASS","audit/reported_table_cells.csv","Audited reporting cells; author-approved 2008 correction. Calculations use analytical inputs, not these reference cells."
"CELL_0244","reported_table_cell","Table 1 61840 RP1","0","0","0","PASS","audit/reported_table_cells.csv","Audited reporting cells; author-approved 2008 correction. Calculations use analytical inputs, not these reference cells."
"CELL_0245","reported_table_cell","Table 1 61840 all_MM","5","5","0","PASS","audit/reported_table_cells.csv","Audited reporting cells; author-approved 2008 correction. Calculations use analytical inputs, not these reference cells."
"CELL_0246","reported_table_cell","Table 1 61840 Rx1","1","1","0","PASS","audit/reported_table_cells.csv","Audited reporting cells; author-approved 2008 correction. Calculations use analytical inputs, not these reference cells."
"CELL_0247","reported_table_cell","Table 1 61840 R1a","0","0","0","PASS","audit/reported_table_cells.csv","Audited reporting cells; author-approved 2008 correction. Calculations use analytical inputs, not these reference cells."
"CELL_0248","reported_table_cell","Table 1 61840 R1b","0","0","0","PASS","audit/reported_table_cells.csv","Audited reporting cells; author-approved 2008 correction. Calculations use analytical inputs, not these reference cells."
"CELL_0249","reported_table_cell","Table 1 61840 R2a","0","0","0","PASS","audit/reported_table_cells.csv","Audited reporting cells; author-approved 2008 correction. Calculations use analytical inputs, not these reference cells."
"CELL_0250","reported_table_cell","Table 1 61840 Rx2b","0","0","0","PASS","audit/reported_table_cells.csv","Audited reporting cells; author-approved 2008 correction. Calculations use analytical inputs, not these reference cells."
"CELL_0251","reported_table_cell","Table 1 61840 Rx2a","0","0","0","PASS","audit/reported_table_cells.csv","Audited reporting cells; author-approved 2008 correction. Calculations use analytical inputs, not these reference cells."
"CELL_0252","reported_table_cell","Table 1 61840 R2b","0","0","0","PASS","audit/reported_table_cells.csv","Audited reporting cells; author-approved 2008 correction. Calculations use analytical inputs, not these reference cells."
"CELL_0253","reported_table_cell","Table 1 61840 R3a","0","0","0","PASS","audit/reported_table_cells.csv","Audited reporting cells; author-approved 2008 correction. Calculations use analytical inputs, not these reference cells."
"CELL_0254","reported_table_cell","Table 1 61840 R3b","0","0","0","PASS","audit/reported_table_cells.csv","Audited reporting cells; author-approved 2008 correction. Calculations use analytical inputs, not these reference cells."
"CELL_0255","reported_table_cell","Table 1 61840 HoT","16","16","0","PASS","audit/reported_table_cells.csv","Audited reporting cells; author-approved 2008 correction. Calculations use analytical inputs, not these reference cells."
"CELL_0256","reported_table_cell","Table 1 61840 Inner_Bay","36","36","0","PASS","audit/reported_table_cells.csv","Audited reporting cells; author-approved 2008 correction. Calculations use analytical inputs, not these reference cells."
"CELL_0257","reported_table_cell","Table 1 61840 Outer_Bay","0","0","0","PASS","audit/reported_table_cells.csv","Audited reporting cells; author-approved 2008 correction. Calculations use analytical inputs, not these reference cells."
"CELL_0258","reported_table_cell","Table 1 61840 all_SoBI","0","0","0","PASS","audit/reported_table_cells.csv","Audited reporting cells; author-approved 2008 correction. Calculations use analytical inputs, not these reference cells."
"CELL_0259","reported_table_cell","Table 1 61840 total_detections","58","58","0","PASS","audit/reported_table_cells.csv","Audited reporting cells; author-approved 2008 correction. Calculations use analytical inputs, not these reference cells."
"CELL_0260","reported_table_cell","Table 1 61840 release_Rx1_days","3.73","3.7259375","0.005000000001","PASS","audit/reported_table_cells.csv","Audited reporting cells; author-approved 2008 correction. Calculations use analytical inputs, not these reference cells."
"CELL_0261","reported_table_cell","Table 1 61840 release_HoT_days","3.97","3.973865740740741","0.005000000001","PASS","audit/reported_table_cells.csv","Audited reporting cells; author-approved 2008 correction. Calculations use analytical inputs, not these reference cells."
"CELL_0262","reported_table_cell","Table 1 61840 HoT_inner_days","0.69","0.6893634259259259","0.005000000001","PASS","audit/reported_table_cells.csv","Audited reporting cells; author-approved 2008 correction. Calculations use analytical inputs, not these reference cells."
"CELL_0263","reported_table_cell","Table 1 61840 HoT_outer_days",NA,NA,"0.500000000001","PASS","audit/reported_table_cells.csv","Audited reporting cells; author-approved 2008 correction. Calculations use analytical inputs, not these reference cells."
"CELL_0264","reported_table_cell","Table 1 61840 HoT_SoBI_days",NA,NA,"0.500000000001","PASS","audit/reported_table_cells.csv","Audited reporting cells; author-approved 2008 correction. Calculations use analytical inputs, not these reference cells."
"CELL_0265","reported_table_cell","Table 1 61841 fish_id","61841","61841","0","PASS","audit/reported_table_cells.csv","Audited reporting cells; author-approved 2008 correction. Calculations use analytical inputs, not these reference cells."
"CELL_0266","reported_table_cell","Table 1 61841 fork_length_mm","130","130","0","PASS","audit/reported_table_cells.csv","Audited reporting cells; author-approved 2008 correction. Calculations use analytical inputs, not these reference cells."
"CELL_0267","reported_table_cell","Table 1 61841 weight_g","19.9","19.9","0.050000000001","PASS","audit/reported_table_cells.csv","Audited reporting cells; author-approved 2008 correction. Calculations use analytical inputs, not these reference cells."
"CELL_0268","reported_table_cell","Table 1 61841 RP1","1","1","0","PASS","audit/reported_table_cells.csv","Audited reporting cells; author-approved 2008 correction. Calculations use analytical inputs, not these reference cells."
"CELL_0269","reported_table_cell","Table 1 61841 all_MM","4","4","0","PASS","audit/reported_table_cells.csv","Audited reporting cells; author-approved 2008 correction. Calculations use analytical inputs, not these reference cells."
"CELL_0270","reported_table_cell","Table 1 61841 Rx1","1","1","0","PASS","audit/reported_table_cells.csv","Audited reporting cells; author-approved 2008 correction. Calculations use analytical inputs, not these reference cells."
"CELL_0271","reported_table_cell","Table 1 61841 R1a","0","0","0","PASS","audit/reported_table_cells.csv","Audited reporting cells; author-approved 2008 correction. Calculations use analytical inputs, not these reference cells."
"CELL_0272","reported_table_cell","Table 1 61841 R1b","1","1","0","PASS","audit/reported_table_cells.csv","Audited reporting cells; author-approved 2008 correction. Calculations use analytical inputs, not these reference cells."
"CELL_0273","reported_table_cell","Table 1 61841 R2a","0","0","0","PASS","audit/reported_table_cells.csv","Audited reporting cells; author-approved 2008 correction. Calculations use analytical inputs, not these reference cells."
"CELL_0274","reported_table_cell","Table 1 61841 Rx2b","2","2","0","PASS","audit/reported_table_cells.csv","Audited reporting cells; author-approved 2008 correction. Calculations use analytical inputs, not these reference cells."
"CELL_0275","reported_table_cell","Table 1 61841 Rx2a","0","0","0","PASS","audit/reported_table_cells.csv","Audited reporting cells; author-approved 2008 correction. Calculations use analytical inputs, not these reference cells."
"CELL_0276","reported_table_cell","Table 1 61841 R2b","1","1","0","PASS","audit/reported_table_cells.csv","Audited reporting cells; author-approved 2008 correction. Calculations use analytical inputs, not these reference cells."
"CELL_0277","reported_table_cell","Table 1 61841 R3a","0","0","0","PASS","audit/reported_table_cells.csv","Audited reporting cells; author-approved 2008 correction. Calculations use analytical inputs, not these reference cells."
"CELL_0278","reported_table_cell","Table 1 61841 R3b","2","2","0","PASS","audit/reported_table_cells.csv","Audited reporting cells; author-approved 2008 correction. Calculations use analytical inputs, not these reference cells."
"CELL_0279","reported_table_cell","Table 1 61841 HoT","445","445","0","PASS","audit/reported_table_cells.csv","Audited reporting cells; author-approved 2008 correction. Calculations use analytical inputs, not these reference cells."
"CELL_0280","reported_table_cell","Table 1 61841 Inner_Bay","29","29","0","PASS","audit/reported_table_cells.csv","Audited reporting cells; author-approved 2008 correction. Calculations use analytical inputs, not these reference cells."
"CELL_0281","reported_table_cell","Table 1 61841 Outer_Bay","15","15","0","PASS","audit/reported_table_cells.csv","Audited reporting cells; author-approved 2008 correction. Calculations use analytical inputs, not these reference cells."
"CELL_0282","reported_table_cell","Table 1 61841 all_SoBI","16","16","0","PASS","audit/reported_table_cells.csv","Audited reporting cells; author-approved 2008 correction. Calculations use analytical inputs, not these reference cells."
"CELL_0283","reported_table_cell","Table 1 61841 total_detections","517","517","0","PASS","audit/reported_table_cells.csv","Audited reporting cells; author-approved 2008 correction. Calculations use analytical inputs, not these reference cells."
"CELL_0284","reported_table_cell","Table 1 61841 release_Rx1_days","2.26","2.256215277777778","0.005000000001","PASS","audit/reported_table_cells.csv","Audited reporting cells; author-approved 2008 correction. Calculations use analytical inputs, not these reference cells."
"CELL_0285","reported_table_cell","Table 1 61841 release_HoT_days","5.32","5.324780092592593","0.005000000001","PASS","audit/reported_table_cells.csv","Audited reporting cells; author-approved 2008 correction. Calculations use analytical inputs, not these reference cells."
"CELL_0286","reported_table_cell","Table 1 61841 HoT_inner_days","2.51","2.509849537037037","0.005000000001","PASS","audit/reported_table_cells.csv","Audited reporting cells; author-approved 2008 correction. Calculations use analytical inputs, not these reference cells."
"CELL_0287","reported_table_cell","Table 1 61841 HoT_outer_days","4.71","4.712326388888889","0.005000000001","PASS","audit/reported_table_cells.csv","Audited reporting cells; author-approved 2008 correction. Calculations use analytical inputs, not these reference cells."
"CELL_0288","reported_table_cell","Table 1 61841 HoT_SoBI_days","30.6","30.60277777777778","0.005000000001","PASS","audit/reported_table_cells.csv","Audited reporting cells; author-approved 2008 correction. Calculations use analytical inputs, not these reference cells."
"CELL_0289","reported_table_cell","Table 1 61842 fish_id","61842","61842","0","PASS","audit/reported_table_cells.csv","Audited reporting cells; author-approved 2008 correction. Calculations use analytical inputs, not these reference cells."
"CELL_0290","reported_table_cell","Table 1 61842 fork_length_mm","149","149","0","PASS","audit/reported_table_cells.csv","Audited reporting cells; author-approved 2008 correction. Calculations use analytical inputs, not these reference cells."
"CELL_0291","reported_table_cell","Table 1 61842 weight_g","26.7","26.7","0.050000000001","PASS","audit/reported_table_cells.csv","Audited reporting cells; author-approved 2008 correction. Calculations use analytical inputs, not these reference cells."
"CELL_0292","reported_table_cell","Table 1 61842 RP1","0","0","0","PASS","audit/reported_table_cells.csv","Audited reporting cells; author-approved 2008 correction. Calculations use analytical inputs, not these reference cells."
"CELL_0293","reported_table_cell","Table 1 61842 all_MM","0","0","0","PASS","audit/reported_table_cells.csv","Audited reporting cells; author-approved 2008 correction. Calculations use analytical inputs, not these reference cells."
"CELL_0294","reported_table_cell","Table 1 61842 Rx1","0","0","0","PASS","audit/reported_table_cells.csv","Audited reporting cells; author-approved 2008 correction. Calculations use analytical inputs, not these reference cells."
"CELL_0295","reported_table_cell","Table 1 61842 R1a","0","0","0","PASS","audit/reported_table_cells.csv","Audited reporting cells; author-approved 2008 correction. Calculations use analytical inputs, not these reference cells."
"CELL_0296","reported_table_cell","Table 1 61842 R1b","0","0","0","PASS","audit/reported_table_cells.csv","Audited reporting cells; author-approved 2008 correction. Calculations use analytical inputs, not these reference cells."
"CELL_0297","reported_table_cell","Table 1 61842 R2a","0","0","0","PASS","audit/reported_table_cells.csv","Audited reporting cells; author-approved 2008 correction. Calculations use analytical inputs, not these reference cells."
"CELL_0298","reported_table_cell","Table 1 61842 Rx2b","0","0","0","PASS","audit/reported_table_cells.csv","Audited reporting cells; author-approved 2008 correction. Calculations use analytical inputs, not these reference cells."
"CELL_0299","reported_table_cell","Table 1 61842 Rx2a","0","0","0","PASS","audit/reported_table_cells.csv","Audited reporting cells; author-approved 2008 correction. Calculations use analytical inputs, not these reference cells."
"CELL_0300","reported_table_cell","Table 1 61842 R2b","0","0","0","PASS","audit/reported_table_cells.csv","Audited reporting cells; author-approved 2008 correction. Calculations use analytical inputs, not these reference cells."
"CELL_0301","reported_table_cell","Table 1 61842 R3a","1","1","0","PASS","audit/reported_table_cells.csv","Audited reporting cells; author-approved 2008 correction. Calculations use analytical inputs, not these reference cells."
"CELL_0302","reported_table_cell","Table 1 61842 R3b","0","0","0","PASS","audit/reported_table_cells.csv","Audited reporting cells; author-approved 2008 correction. Calculations use analytical inputs, not these reference cells."
"CELL_0303","reported_table_cell","Table 1 61842 HoT","90","90","0","PASS","audit/reported_table_cells.csv","Audited reporting cells; author-approved 2008 correction. Calculations use analytical inputs, not these reference cells."
"CELL_0304","reported_table_cell","Table 1 61842 Inner_Bay","1","1","0","PASS","audit/reported_table_cells.csv","Audited reporting cells; author-approved 2008 correction. Calculations use analytical inputs, not these reference cells."
"CELL_0305","reported_table_cell","Table 1 61842 Outer_Bay","71","71","0","PASS","audit/reported_table_cells.csv","Audited reporting cells; author-approved 2008 correction. Calculations use analytical inputs, not these reference cells."
"CELL_0306","reported_table_cell","Table 1 61842 all_SoBI","4","4","0","PASS","audit/reported_table_cells.csv","Audited reporting cells; author-approved 2008 correction. Calculations use analytical inputs, not these reference cells."
"CELL_0307","reported_table_cell","Table 1 61842 total_detections","167","167","0","PASS","audit/reported_table_cells.csv","Audited reporting cells; author-approved 2008 correction. Calculations use analytical inputs, not these reference cells."
"CELL_0308","reported_table_cell","Table 1 61842 release_Rx1_days",NA,NA,"0.500000000001","PASS","audit/reported_table_cells.csv","Audited reporting cells; author-approved 2008 correction. Calculations use analytical inputs, not these reference cells."
"CELL_0309","reported_table_cell","Table 1 61842 release_HoT_days","7.25","7.254074074074074","0.005000000001","PASS","audit/reported_table_cells.csv","Audited reporting cells; author-approved 2008 correction. Calculations use analytical inputs, not these reference cells."
"CELL_0310","reported_table_cell","Table 1 61842 HoT_inner_days","1.18","1.18212962962963","0.005000000001","PASS","audit/reported_table_cells.csv","Audited reporting cells; author-approved 2008 correction. Calculations use analytical inputs, not these reference cells."
"CELL_0311","reported_table_cell","Table 1 61842 HoT_outer_days","6.1","6.095740740740741","0.005000000001","PASS","audit/reported_table_cells.csv","Audited reporting cells; author-approved 2008 correction. Calculations use analytical inputs, not these reference cells."
"CELL_0312","reported_table_cell","Table 1 61842 HoT_SoBI_days","30.34","30.34069444444444","0.005000000001","PASS","audit/reported_table_cells.csv","Audited reporting cells; author-approved 2008 correction. Calculations use analytical inputs, not these reference cells."
"CELL_0313","reported_table_cell","Table 1 61843 fish_id","61843","61843","0","PASS","audit/reported_table_cells.csv","Audited reporting cells; author-approved 2008 correction. Calculations use analytical inputs, not these reference cells."
"CELL_0314","reported_table_cell","Table 1 61843 fork_length_mm","157","157","0","PASS","audit/reported_table_cells.csv","Audited reporting cells; author-approved 2008 correction. Calculations use analytical inputs, not these reference cells."
"CELL_0315","reported_table_cell","Table 1 61843 weight_g","34.7","34.7","0.050000000001","PASS","audit/reported_table_cells.csv","Audited reporting cells; author-approved 2008 correction. Calculations use analytical inputs, not these reference cells."
"CELL_0316","reported_table_cell","Table 1 61843 RP1","0","0","0","PASS","audit/reported_table_cells.csv","Audited reporting cells; author-approved 2008 correction. Calculations use analytical inputs, not these reference cells."
"CELL_0317","reported_table_cell","Table 1 61843 all_MM","0","0","0","PASS","audit/reported_table_cells.csv","Audited reporting cells; author-approved 2008 correction. Calculations use analytical inputs, not these reference cells."
"CELL_0318","reported_table_cell","Table 1 61843 Rx1","0","0","0","PASS","audit/reported_table_cells.csv","Audited reporting cells; author-approved 2008 correction. Calculations use analytical inputs, not these reference cells."
"CELL_0319","reported_table_cell","Table 1 61843 R1a","0","0","0","PASS","audit/reported_table_cells.csv","Audited reporting cells; author-approved 2008 correction. Calculations use analytical inputs, not these reference cells."
"CELL_0320","reported_table_cell","Table 1 61843 R1b","0","0","0","PASS","audit/reported_table_cells.csv","Audited reporting cells; author-approved 2008 correction. Calculations use analytical inputs, not these reference cells."
"CELL_0321","reported_table_cell","Table 1 61843 R2a","0","0","0","PASS","audit/reported_table_cells.csv","Audited reporting cells; author-approved 2008 correction. Calculations use analytical inputs, not these reference cells."
"CELL_0322","reported_table_cell","Table 1 61843 Rx2b","0","0","0","PASS","audit/reported_table_cells.csv","Audited reporting cells; author-approved 2008 correction. Calculations use analytical inputs, not these reference cells."
"CELL_0323","reported_table_cell","Table 1 61843 Rx2a","1","1","0","PASS","audit/reported_table_cells.csv","Audited reporting cells; author-approved 2008 correction. Calculations use analytical inputs, not these reference cells."
"CELL_0324","reported_table_cell","Table 1 61843 R2b","0","0","0","PASS","audit/reported_table_cells.csv","Audited reporting cells; author-approved 2008 correction. Calculations use analytical inputs, not these reference cells."
"CELL_0325","reported_table_cell","Table 1 61843 R3a","0","0","0","PASS","audit/reported_table_cells.csv","Audited reporting cells; author-approved 2008 correction. Calculations use analytical inputs, not these reference cells."
"CELL_0326","reported_table_cell","Table 1 61843 R3b","0","0","0","PASS","audit/reported_table_cells.csv","Audited reporting cells; author-approved 2008 correction. Calculations use analytical inputs, not these reference cells."
"CELL_0327","reported_table_cell","Table 1 61843 HoT","16","16","0","PASS","audit/reported_table_cells.csv","Audited reporting cells; author-approved 2008 correction. Calculations use analytical inputs, not these reference cells."
"CELL_0328","reported_table_cell","Table 1 61843 Inner_Bay","5","5","0","PASS","audit/reported_table_cells.csv","Audited reporting cells; author-approved 2008 correction. Calculations use analytical inputs, not these reference cells."
"CELL_0329","reported_table_cell","Table 1 61843 Outer_Bay","35","35","0","PASS","audit/reported_table_cells.csv","Audited reporting cells; author-approved 2008 correction. Calculations use analytical inputs, not these reference cells."
"CELL_0330","reported_table_cell","Table 1 61843 all_SoBI","7","7","0","PASS","audit/reported_table_cells.csv","Audited reporting cells; author-approved 2008 correction. Calculations use analytical inputs, not these reference cells."
"CELL_0331","reported_table_cell","Table 1 61843 total_detections","64","64","0","PASS","audit/reported_table_cells.csv","Audited reporting cells; author-approved 2008 correction. Calculations use analytical inputs, not these reference cells."
"CELL_0332","reported_table_cell","Table 1 61843 release_Rx1_days",NA,NA,"0.500000000001","PASS","audit/reported_table_cells.csv","Audited reporting cells; author-approved 2008 correction. Calculations use analytical inputs, not these reference cells."
"CELL_0333","reported_table_cell","Table 1 61843 release_HoT_days","9.55","9.547499999999999","0.005000000001","PASS","audit/reported_table_cells.csv","Audited reporting cells; author-approved 2008 correction. Calculations use analytical inputs, not these reference cells."
"CELL_0334","reported_table_cell","Table 1 61843 HoT_inner_days","0.62","0.6236111111111111","0.005000000001","PASS","audit/reported_table_cells.csv","Audited reporting cells; author-approved 2008 correction. Calculations use analytical inputs, not these reference cells."
"CELL_0335","reported_table_cell","Table 1 61843 HoT_outer_days","4.07","4.070798611111111","0.005000000001","PASS","audit/reported_table_cells.csv","Audited reporting cells; author-approved 2008 correction. Calculations use analytical inputs, not these reference cells."
"CELL_0336","reported_table_cell","Table 1 61843 HoT_SoBI_days","31.35","31.34541666666667","0.005000000001","PASS","audit/reported_table_cells.csv","Audited reporting cells; author-approved 2008 correction. Calculations use analytical inputs, not these reference cells."
"CELL_0337","reported_table_cell","Table 1 61844 fish_id","61844","61844","0","PASS","audit/reported_table_cells.csv","Audited reporting cells; author-approved 2008 correction. Calculations use analytical inputs, not these reference cells."
"CELL_0338","reported_table_cell","Table 1 61844 fork_length_mm","134","134","0","PASS","audit/reported_table_cells.csv","Audited reporting cells; author-approved 2008 correction. Calculations use analytical inputs, not these reference cells."
"CELL_0339","reported_table_cell","Table 1 61844 weight_g","19","19","0.500000000001","PASS","audit/reported_table_cells.csv","Audited reporting cells; author-approved 2008 correction. Calculations use analytical inputs, not these reference cells."
"CELL_0340","reported_table_cell","Table 1 61844 RP1","1","1","0","PASS","audit/reported_table_cells.csv","Audited reporting cells; author-approved 2008 correction. Calculations use analytical inputs, not these reference cells."
"CELL_0341","reported_table_cell","Table 1 61844 all_MM","14","14","0","PASS","audit/reported_table_cells.csv","Audited reporting cells; author-approved 2008 correction. Calculations use analytical inputs, not these reference cells."
"CELL_0342","reported_table_cell","Table 1 61844 Rx1","3","3","0","PASS","audit/reported_table_cells.csv","Audited reporting cells; author-approved 2008 correction. Calculations use analytical inputs, not these reference cells."
"CELL_0343","reported_table_cell","Table 1 61844 R1a","0","0","0","PASS","audit/reported_table_cells.csv","Audited reporting cells; author-approved 2008 correction. Calculations use analytical inputs, not these reference cells."
"CELL_0344","reported_table_cell","Table 1 61844 R1b","0","0","0","PASS","audit/reported_table_cells.csv","Audited reporting cells; author-approved 2008 correction. Calculations use analytical inputs, not these reference cells."
"CELL_0345","reported_table_cell","Table 1 61844 R2a","0","0","0","PASS","audit/reported_table_cells.csv","Audited reporting cells; author-approved 2008 correction. Calculations use analytical inputs, not these reference cells."
"CELL_0346","reported_table_cell","Table 1 61844 Rx2b","0","0","0","PASS","audit/reported_table_cells.csv","Audited reporting cells; author-approved 2008 correction. Calculations use analytical inputs, not these reference cells."
"CELL_0347","reported_table_cell","Table 1 61844 Rx2a","0","0","0","PASS","audit/reported_table_cells.csv","Audited reporting cells; author-approved 2008 correction. Calculations use analytical inputs, not these reference cells."
"CELL_0348","reported_table_cell","Table 1 61844 R2b","0","0","0","PASS","audit/reported_table_cells.csv","Audited reporting cells; author-approved 2008 correction. Calculations use analytical inputs, not these reference cells."
"CELL_0349","reported_table_cell","Table 1 61844 R3a","1","1","0","PASS","audit/reported_table_cells.csv","Audited reporting cells; author-approved 2008 correction. Calculations use analytical inputs, not these reference cells."
"CELL_0350","reported_table_cell","Table 1 61844 R3b","0","0","0","PASS","audit/reported_table_cells.csv","Audited reporting cells; author-approved 2008 correction. Calculations use analytical inputs, not these reference cells."
"CELL_0351","reported_table_cell","Table 1 61844 HoT","19","19","0","PASS","audit/reported_table_cells.csv","Audited reporting cells; author-approved 2008 correction. Calculations use analytical inputs, not these reference cells."
"CELL_0352","reported_table_cell","Table 1 61844 Inner_Bay","9","9","0","PASS","audit/reported_table_cells.csv","Audited reporting cells; author-approved 2008 correction. Calculations use analytical inputs, not these reference cells."
"CELL_0353","reported_table_cell","Table 1 61844 Outer_Bay","13","13","0","PASS","audit/reported_table_cells.csv","Audited reporting cells; author-approved 2008 correction. Calculations use analytical inputs, not these reference cells."
"CELL_0354","reported_table_cell","Table 1 61844 all_SoBI","0","0","0","PASS","audit/reported_table_cells.csv","Audited reporting cells; author-approved 2008 correction. Calculations use analytical inputs, not these reference cells."
"CELL_0355","reported_table_cell","Table 1 61844 total_detections","60","60","0","PASS","audit/reported_table_cells.csv","Audited reporting cells; author-approved 2008 correction. Calculations use analytical inputs, not these reference cells."
"CELL_0356","reported_table_cell","Table 1 61844 release_Rx1_days","2.42","2.420347222222222","0.005000000001","PASS","audit/reported_table_cells.csv","Audited reporting cells; author-approved 2008 correction. Calculations use analytical inputs, not these reference cells."
"CELL_0357","reported_table_cell","Table 1 61844 release_HoT_days","7.07","7.070023148148148","0.005000000001","PASS","audit/reported_table_cells.csv","Audited reporting cells; author-approved 2008 correction. Calculations use analytical inputs, not these reference cells."
"CELL_0358","reported_table_cell","Table 1 61844 HoT_inner_days","1.8","1.795601851851852","0.005000000001","PASS","audit/reported_table_cells.csv","Audited reporting cells; author-approved 2008 correction. Calculations use analytical inputs, not these reference cells."
"CELL_0359","reported_table_cell","Table 1 61844 HoT_outer_days","10.15","10.15229166666667","0.005000000001","PASS","audit/reported_table_cells.csv","Audited reporting cells; author-approved 2008 correction. Calculations use analytical inputs, not these reference cells."
"CELL_0360","reported_table_cell","Table 1 61844 HoT_SoBI_days",NA,NA,"0.500000000001","PASS","audit/reported_table_cells.csv","Audited reporting cells; author-approved 2008 correction. Calculations use analytical inputs, not these reference cells."
"CELL_0361","reported_table_cell","Table 1 61845 fish_id","61845","61845","0","PASS","audit/reported_table_cells.csv","Audited reporting cells; author-approved 2008 correction. Calculations use analytical inputs, not these reference cells."
"CELL_0362","reported_table_cell","Table 1 61845 fork_length_mm","145","145","0","PASS","audit/reported_table_cells.csv","Audited reporting cells; author-approved 2008 correction. Calculations use analytical inputs, not these reference cells."
"CELL_0363","reported_table_cell","Table 1 61845 weight_g","27.5","27.5","0.050000000001","PASS","audit/reported_table_cells.csv","Audited reporting cells; author-approved 2008 correction. Calculations use analytical inputs, not these reference cells."
"CELL_0364","reported_table_cell","Table 1 61845 RP1","1","1","0","PASS","audit/reported_table_cells.csv","Audited reporting cells; author-approved 2008 correction. Calculations use analytical inputs, not these reference cells."
"CELL_0365","reported_table_cell","Table 1 61845 all_MM","9","9","0","PASS","audit/reported_table_cells.csv","Audited reporting cells; author-approved 2008 correction. Calculations use analytical inputs, not these reference cells."
"CELL_0366","reported_table_cell","Table 1 61845 Rx1","4","4","0","PASS","audit/reported_table_cells.csv","Audited reporting cells; author-approved 2008 correction. Calculations use analytical inputs, not these reference cells."
"CELL_0367","reported_table_cell","Table 1 61845 R1a","0","0","0","PASS","audit/reported_table_cells.csv","Audited reporting cells; author-approved 2008 correction. Calculations use analytical inputs, not these reference cells."
"CELL_0368","reported_table_cell","Table 1 61845 R1b","8","8","0","PASS","audit/reported_table_cells.csv","Audited reporting cells; author-approved 2008 correction. Calculations use analytical inputs, not these reference cells."
"CELL_0369","reported_table_cell","Table 1 61845 R2a","0","0","0","PASS","audit/reported_table_cells.csv","Audited reporting cells; author-approved 2008 correction. Calculations use analytical inputs, not these reference cells."
"CELL_0370","reported_table_cell","Table 1 61845 Rx2b","127","127","0","PASS","audit/reported_table_cells.csv","Audited reporting cells; author-approved 2008 correction. Calculations use analytical inputs, not these reference cells."
"CELL_0371","reported_table_cell","Table 1 61845 Rx2a","0","0","0","PASS","audit/reported_table_cells.csv","Audited reporting cells; author-approved 2008 correction. Calculations use analytical inputs, not these reference cells."
"CELL_0372","reported_table_cell","Table 1 61845 R2b","0","0","0","PASS","audit/reported_table_cells.csv","Audited reporting cells; author-approved 2008 correction. Calculations use analytical inputs, not these reference cells."
"CELL_0373","reported_table_cell","Table 1 61845 R3a","0","0","0","PASS","audit/reported_table_cells.csv","Audited reporting cells; author-approved 2008 correction. Calculations use analytical inputs, not these reference cells."
"CELL_0374","reported_table_cell","Table 1 61845 R3b","2","2","0","PASS","audit/reported_table_cells.csv","Audited reporting cells; author-approved 2008 correction. Calculations use analytical inputs, not these reference cells."
"CELL_0375","reported_table_cell","Table 1 61845 HoT","23","23","0","PASS","audit/reported_table_cells.csv","Audited reporting cells; author-approved 2008 correction. Calculations use analytical inputs, not these reference cells."
"CELL_0376","reported_table_cell","Table 1 61845 Inner_Bay","113","113","0","PASS","audit/reported_table_cells.csv","Audited reporting cells; author-approved 2008 correction. Calculations use analytical inputs, not these reference cells."
"CELL_0377","reported_table_cell","Table 1 61845 Outer_Bay","14","14","0","PASS","audit/reported_table_cells.csv","Audited reporting cells; author-approved 2008 correction. Calculations use analytical inputs, not these reference cells."
"CELL_0378","reported_table_cell","Table 1 61845 all_SoBI","6","6","0","PASS","audit/reported_table_cells.csv","Audited reporting cells; author-approved 2008 correction. Calculations use analytical inputs, not these reference cells."
"CELL_0379","reported_table_cell","Table 1 61845 total_detections","307","307","0","PASS","audit/reported_table_cells.csv","Audited reporting cells; author-approved 2008 correction. Calculations use analytical inputs, not these reference cells."
"CELL_0380","reported_table_cell","Table 1 61845 release_Rx1_days","1.38","1.379930555555556","0.005000000001","PASS","audit/reported_table_cells.csv","Audited reporting cells; author-approved 2008 correction. Calculations use analytical inputs, not these reference cells."
"CELL_0381","reported_table_cell","Table 1 61845 release_HoT_days","2.55","2.554884259259259","0.005000000001","PASS","audit/reported_table_cells.csv","Audited reporting cells; author-approved 2008 correction. Calculations use analytical inputs, not these reference cells."
"CELL_0382","reported_table_cell","Table 1 61845 HoT_inner_days","1.21","1.213854166666667","0.005000000001","PASS","audit/reported_table_cells.csv","Audited reporting cells; author-approved 2008 correction. Calculations use analytical inputs, not these reference cells."
"CELL_0383","reported_table_cell","Table 1 61845 HoT_outer_days","3.26","3.256030092592593","0.005000000001","PASS","audit/reported_table_cells.csv","Audited reporting cells; author-approved 2008 correction. Calculations use analytical inputs, not these reference cells."
"CELL_0384","reported_table_cell","Table 1 61845 HoT_SoBI_days","39.25","39.25025462962963","0.005000000001","PASS","audit/reported_table_cells.csv","Audited reporting cells; author-approved 2008 correction. Calculations use analytical inputs, not these reference cells."
"CELL_0385","reported_table_cell","Table 1 61846 fish_id","61846","61846","0","PASS","audit/reported_table_cells.csv","Audited reporting cells; author-approved 2008 correction. Calculations use analytical inputs, not these reference cells."
"CELL_0386","reported_table_cell","Table 1 61846 fork_length_mm","159","159","0","PASS","audit/reported_table_cells.csv","Audited reporting cells; author-approved 2008 correction. Calculations use analytical inputs, not these reference cells."
"CELL_0387","reported_table_cell","Table 1 61846 weight_g","35.7","35.7","0.050000000001","PASS","audit/reported_table_cells.csv","Audited reporting cells; author-approved 2008 correction. Calculations use analytical inputs, not these reference cells."
"CELL_0388","reported_table_cell","Table 1 61846 RP1","0","0","0","PASS","audit/reported_table_cells.csv","Audited reporting cells; author-approved 2008 correction. Calculations use analytical inputs, not these reference cells."
"CELL_0389","reported_table_cell","Table 1 61846 all_MM","2","2","0","PASS","audit/reported_table_cells.csv","Audited reporting cells; author-approved 2008 correction. Calculations use analytical inputs, not these reference cells."
"CELL_0390","reported_table_cell","Table 1 61846 Rx1","1","1","0","PASS","audit/reported_table_cells.csv","Audited reporting cells; author-approved 2008 correction. Calculations use analytical inputs, not these reference cells."
"CELL_0391","reported_table_cell","Table 1 61846 R1a","0","0","0","PASS","audit/reported_table_cells.csv","Audited reporting cells; author-approved 2008 correction. Calculations use analytical inputs, not these reference cells."
"CELL_0392","reported_table_cell","Table 1 61846 R1b","1","1","0","PASS","audit/reported_table_cells.csv","Audited reporting cells; author-approved 2008 correction. Calculations use analytical inputs, not these reference cells."
"CELL_0393","reported_table_cell","Table 1 61846 R2a","0","0","0","PASS","audit/reported_table_cells.csv","Audited reporting cells; author-approved 2008 correction. Calculations use analytical inputs, not these reference cells."
"CELL_0394","reported_table_cell","Table 1 61846 Rx2b","4","4","0","PASS","audit/reported_table_cells.csv","Audited reporting cells; author-approved 2008 correction. Calculations use analytical inputs, not these reference cells."
"CELL_0395","reported_table_cell","Table 1 61846 Rx2a","0","0","0","PASS","audit/reported_table_cells.csv","Audited reporting cells; author-approved 2008 correction. Calculations use analytical inputs, not these reference cells."
"CELL_0396","reported_table_cell","Table 1 61846 R2b","1","1","0","PASS","audit/reported_table_cells.csv","Audited reporting cells; author-approved 2008 correction. Calculations use analytical inputs, not these reference cells."
"CELL_0397","reported_table_cell","Table 1 61846 R3a","0","0","0","PASS","audit/reported_table_cells.csv","Audited reporting cells; author-approved 2008 correction. Calculations use analytical inputs, not these reference cells."
"CELL_0398","reported_table_cell","Table 1 61846 R3b","0","0","0","PASS","audit/reported_table_cells.csv","Audited reporting cells; author-approved 2008 correction. Calculations use analytical inputs, not these reference cells."
"CELL_0399","reported_table_cell","Table 1 61846 HoT","639","639","0","PASS","audit/reported_table_cells.csv","Audited reporting cells; author-approved 2008 correction. Calculations use analytical inputs, not these reference cells."
"CELL_0400","reported_table_cell","Table 1 61846 Inner_Bay","2","2","0","PASS","audit/reported_table_cells.csv","Audited reporting cells; author-approved 2008 correction. Calculations use analytical inputs, not these reference cells."
"CELL_0401","reported_table_cell","Table 1 61846 Outer_Bay","1","1","0","PASS","audit/reported_table_cells.csv","Audited reporting cells; author-approved 2008 correction. Calculations use analytical inputs, not these reference cells."
"CELL_0402","reported_table_cell","Table 1 61846 all_SoBI","7","7","0","PASS","audit/reported_table_cells.csv","Audited reporting cells; author-approved 2008 correction. Calculations use analytical inputs, not these reference cells."
"CELL_0403","reported_table_cell","Table 1 61846 total_detections","658","658","0","PASS","audit/reported_table_cells.csv","Audited reporting cells; author-approved 2008 correction. Calculations use analytical inputs, not these reference cells."
"CELL_0404","reported_table_cell","Table 1 61846 release_Rx1_days","3.64","3.638784722222222","0.005000000001","PASS","audit/reported_table_cells.csv","Audited reporting cells; author-approved 2008 correction. Calculations use analytical inputs, not these reference cells."
"CELL_0405","reported_table_cell","Table 1 61846 release_HoT_days","4.37","4.366331018518519","0.005000000001","PASS","audit/reported_table_cells.csv","Audited reporting cells; author-approved 2008 correction. Calculations use analytical inputs, not these reference cells."
"CELL_0406","reported_table_cell","Table 1 61846 HoT_inner_days","1.48","1.481238425925926","0.005000000001","PASS","audit/reported_table_cells.csv","Audited reporting cells; author-approved 2008 correction. Calculations use analytical inputs, not these reference cells."
"CELL_0407","reported_table_cell","Table 1 61846 HoT_outer_days","3.36","3.362453703703704","0.005000000001","PASS","audit/reported_table_cells.csv","Audited reporting cells; author-approved 2008 correction. Calculations use analytical inputs, not these reference cells."
"CELL_0408","reported_table_cell","Table 1 61846 HoT_SoBI_days","31.49","31.49219907407407","0.005000000001","PASS","audit/reported_table_cells.csv","Audited reporting cells; author-approved 2008 correction. Calculations use analytical inputs, not these reference cells."
"CELL_0409","reported_table_cell","Table 1 61847 fish_id","61847","61847","0","PASS","audit/reported_table_cells.csv","Audited reporting cells; author-approved 2008 correction. Calculations use analytical inputs, not these reference cells."
"CELL_0410","reported_table_cell","Table 1 61847 fork_length_mm","143","143","0","PASS","audit/reported_table_cells.csv","Audited reporting cells; author-approved 2008 correction. Calculations use analytical inputs, not these reference cells."
"CELL_0411","reported_table_cell","Table 1 61847 weight_g","26","26","0.500000000001","PASS","audit/reported_table_cells.csv","Audited reporting cells; author-approved 2008 correction. Calculations use analytical inputs, not these reference cells."
"CELL_0412","reported_table_cell","Table 1 61847 RP1","1","1","0","PASS","audit/reported_table_cells.csv","Audited reporting cells; author-approved 2008 correction. Calculations use analytical inputs, not these reference cells."
"CELL_0413","reported_table_cell","Table 1 61847 all_MM","2","2","0","PASS","audit/reported_table_cells.csv","Audited reporting cells; author-approved 2008 correction. Calculations use analytical inputs, not these reference cells."
"CELL_0414","reported_table_cell","Table 1 61847 Rx1","0","0","0","PASS","audit/reported_table_cells.csv","Audited reporting cells; author-approved 2008 correction. Calculations use analytical inputs, not these reference cells."
"CELL_0415","reported_table_cell","Table 1 61847 R1a","0","0","0","PASS","audit/reported_table_cells.csv","Audited reporting cells; author-approved 2008 correction. Calculations use analytical inputs, not these reference cells."
"CELL_0416","reported_table_cell","Table 1 61847 R1b","2","2","0","PASS","audit/reported_table_cells.csv","Audited reporting cells; author-approved 2008 correction. Calculations use analytical inputs, not these reference cells."
"CELL_0417","reported_table_cell","Table 1 61847 R2a","0","0","0","PASS","audit/reported_table_cells.csv","Audited reporting cells; author-approved 2008 correction. Calculations use analytical inputs, not these reference cells."
"CELL_0418","reported_table_cell","Table 1 61847 Rx2b","3","3","0","PASS","audit/reported_table_cells.csv","Audited reporting cells; author-approved 2008 correction. Calculations use analytical inputs, not these reference cells."
"CELL_0419","reported_table_cell","Table 1 61847 Rx2a","0","0","0","PASS","audit/reported_table_cells.csv","Audited reporting cells; author-approved 2008 correction. Calculations use analytical inputs, not these reference cells."
"CELL_0420","reported_table_cell","Table 1 61847 R2b","1","1","0","PASS","audit/reported_table_cells.csv","Audited reporting cells; author-approved 2008 correction. Calculations use analytical inputs, not these reference cells."
"CELL_0421","reported_table_cell","Table 1 61847 R3a","0","0","0","PASS","audit/reported_table_cells.csv","Audited reporting cells; author-approved 2008 correction. Calculations use analytical inputs, not these reference cells."
"CELL_0422","reported_table_cell","Table 1 61847 R3b","0","0","0","PASS","audit/reported_table_cells.csv","Audited reporting cells; author-approved 2008 correction. Calculations use analytical inputs, not these reference cells."
"CELL_0423","reported_table_cell","Table 1 61847 HoT","611","611","0","PASS","audit/reported_table_cells.csv","Audited reporting cells; author-approved 2008 correction. Calculations use analytical inputs, not these reference cells."
"CELL_0424","reported_table_cell","Table 1 61847 Inner_Bay","0","0","0","PASS","audit/reported_table_cells.csv","Audited reporting cells; author-approved 2008 correction. Calculations use analytical inputs, not these reference cells."
"CELL_0425","reported_table_cell","Table 1 61847 Outer_Bay","154","154","0","PASS","audit/reported_table_cells.csv","Audited reporting cells; author-approved 2008 correction. Calculations use analytical inputs, not these reference cells."
"CELL_0426","reported_table_cell","Table 1 61847 all_SoBI","1","1","0","PASS","audit/reported_table_cells.csv","Audited reporting cells; author-approved 2008 correction. Calculations use analytical inputs, not these reference cells."
"CELL_0427","reported_table_cell","Table 1 61847 total_detections","775","775","0","PASS","audit/reported_table_cells.csv","Audited reporting cells; author-approved 2008 correction. Calculations use analytical inputs, not these reference cells."
"CELL_0428","reported_table_cell","Table 1 61847 release_Rx1_days",NA,NA,"0.500000000001","PASS","audit/reported_table_cells.csv","Audited reporting cells; author-approved 2008 correction. Calculations use analytical inputs, not these reference cells."
"CELL_0429","reported_table_cell","Table 1 61847 release_HoT_days","4.29","4.294039351851852","0.005000000001","PASS","audit/reported_table_cells.csv","Audited reporting cells; author-approved 2008 correction. Calculations use analytical inputs, not these reference cells."
"CELL_0430","reported_table_cell","Table 1 61847 HoT_inner_days",NA,NA,"0.500000000001","PASS","audit/reported_table_cells.csv","Audited reporting cells; author-approved 2008 correction. Calculations use analytical inputs, not these reference cells."
"CELL_0431","reported_table_cell","Table 1 61847 HoT_outer_days","3.85","3.846412037037037","0.005000000001","PASS","audit/reported_table_cells.csv","Audited reporting cells; author-approved 2008 correction. Calculations use analytical inputs, not these reference cells."
"CELL_0432","reported_table_cell","Table 1 61847 HoT_SoBI_days","36.5","36.49918981481481","0.005000000001","PASS","audit/reported_table_cells.csv","Audited reporting cells; author-approved 2008 correction. Calculations use analytical inputs, not these reference cells."
"CELL_0433","reported_table_cell","Table 1 61848 fish_id","61848","61848","0","PASS","audit/reported_table_cells.csv","Audited reporting cells; author-approved 2008 correction. Calculations use analytical inputs, not these reference cells."
"CELL_0434","reported_table_cell","Table 1 61848 fork_length_mm","140","140","0","PASS","audit/reported_table_cells.csv","Audited reporting cells; author-approved 2008 correction. Calculations use analytical inputs, not these reference cells."
"CELL_0435","reported_table_cell","Table 1 61848 weight_g","26.9","26.9","0.050000000001","PASS","audit/reported_table_cells.csv","Audited reporting cells; author-approved 2008 correction. Calculations use analytical inputs, not these reference cells."
"CELL_0436","reported_table_cell","Table 1 61848 RP1","0","0","0","PASS","audit/reported_table_cells.csv","Audited reporting cells; author-approved 2008 correction. Calculations use analytical inputs, not these reference cells."
"CELL_0437","reported_table_cell","Table 1 61848 all_MM","6","6","0","PASS","audit/reported_table_cells.csv","Audited reporting cells; author-approved 2008 correction. Calculations use analytical inputs, not these reference cells."
"CELL_0438","reported_table_cell","Table 1 61848 Rx1","0","0","0","PASS","audit/reported_table_cells.csv","Audited reporting cells; author-approved 2008 correction. Calculations use analytical inputs, not these reference cells."
"CELL_0439","reported_table_cell","Table 1 61848 R1a","0","0","0","PASS","audit/reported_table_cells.csv","Audited reporting cells; author-approved 2008 correction. Calculations use analytical inputs, not these reference cells."
"CELL_0440","reported_table_cell","Table 1 61848 R1b","0","0","0","PASS","audit/reported_table_cells.csv","Audited reporting cells; author-approved 2008 correction. Calculations use analytical inputs, not these reference cells."
"CELL_0441","reported_table_cell","Table 1 61848 R2a","0","0","0","PASS","audit/reported_table_cells.csv","Audited reporting cells; author-approved 2008 correction. Calculations use analytical inputs, not these reference cells."
"CELL_0442","reported_table_cell","Table 1 61848 Rx2b","0","0","0","PASS","audit/reported_table_cells.csv","Audited reporting cells; author-approved 2008 correction. Calculations use analytical inputs, not these reference cells."
"CELL_0443","reported_table_cell","Table 1 61848 Rx2a","0","0","0","PASS","audit/reported_table_cells.csv","Audited reporting cells; author-approved 2008 correction. Calculations use analytical inputs, not these reference cells."
"CELL_0444","reported_table_cell","Table 1 61848 R2b","0","0","0","PASS","audit/reported_table_cells.csv","Audited reporting cells; author-approved 2008 correction. Calculations use analytical inputs, not these reference cells."
"CELL_0445","reported_table_cell","Table 1 61848 R3a","1","1","0","PASS","audit/reported_table_cells.csv","Audited reporting cells; author-approved 2008 correction. Calculations use analytical inputs, not these reference cells."
"CELL_0446","reported_table_cell","Table 1 61848 R3b","0","0","0","PASS","audit/reported_table_cells.csv","Audited reporting cells; author-approved 2008 correction. Calculations use analytical inputs, not these reference cells."
"CELL_0447","reported_table_cell","Table 1 61848 HoT","10","10","0","PASS","audit/reported_table_cells.csv","Audited reporting cells; author-approved 2008 correction. Calculations use analytical inputs, not these reference cells."
"CELL_0448","reported_table_cell","Table 1 61848 Inner_Bay","2","2","0","PASS","audit/reported_table_cells.csv","Audited reporting cells; author-approved 2008 correction. Calculations use analytical inputs, not these reference cells."
"CELL_0449","reported_table_cell","Table 1 61848 Outer_Bay","27","27","0","PASS","audit/reported_table_cells.csv","Audited reporting cells; author-approved 2008 correction. Calculations use analytical inputs, not these reference cells."
"CELL_0450","reported_table_cell","Table 1 61848 all_SoBI","0","0","0","PASS","audit/reported_table_cells.csv","Audited reporting cells; author-approved 2008 correction. Calculations use analytical inputs, not these reference cells."
"CELL_0451","reported_table_cell","Table 1 61848 total_detections","46","46","0","PASS","audit/reported_table_cells.csv","Audited reporting cells; author-approved 2008 correction. Calculations use analytical inputs, not these reference cells."
"CELL_0452","reported_table_cell","Table 1 61848 release_Rx1_days",NA,NA,"0.500000000001","PASS","audit/reported_table_cells.csv","Audited reporting cells; author-approved 2008 correction. Calculations use analytical inputs, not these reference cells."
"CELL_0453","reported_table_cell","Table 1 61848 release_HoT_days","2.1","2.097789351851852","0.005000000001","PASS","audit/reported_table_cells.csv","Audited reporting cells; author-approved 2008 correction. Calculations use analytical inputs, not these reference cells."
"CELL_0454","reported_table_cell","Table 1 61848 HoT_inner_days","1.01","1.010092592592593","0.005000000001","PASS","audit/reported_table_cells.csv","Audited reporting cells; author-approved 2008 correction. Calculations use analytical inputs, not these reference cells."
"CELL_0455","reported_table_cell","Table 1 61848 HoT_outer_days","9.29","9.294282407407408","0.005000000001","PASS","audit/reported_table_cells.csv","Audited reporting cells; author-approved 2008 correction. Calculations use analytical inputs, not these reference cells."
"CELL_0456","reported_table_cell","Table 1 61848 HoT_SoBI_days",NA,NA,"0.500000000001","PASS","audit/reported_table_cells.csv","Audited reporting cells; author-approved 2008 correction. Calculations use analytical inputs, not these reference cells."
"CELL_0457","reported_table_cell","Table 1 61849 fish_id","61849","61849","0","PASS","audit/reported_table_cells.csv","Audited reporting cells; author-approved 2008 correction. Calculations use analytical inputs, not these reference cells."
"CELL_0458","reported_table_cell","Table 1 61849 fork_length_mm","143","143","0","PASS","audit/reported_table_cells.csv","Audited reporting cells; author-approved 2008 correction. Calculations use analytical inputs, not these reference cells."
"CELL_0459","reported_table_cell","Table 1 61849 weight_g","28.1","28.1","0.050000000001","PASS","audit/reported_table_cells.csv","Audited reporting cells; author-approved 2008 correction. Calculations use analytical inputs, not these reference cells."
"CELL_0460","reported_table_cell","Table 1 61849 RP1","1","1","0","PASS","audit/reported_table_cells.csv","Audited reporting cells; author-approved 2008 correction. Calculations use analytical inputs, not these reference cells."
"CELL_0461","reported_table_cell","Table 1 61849 all_MM","6","6","0","PASS","audit/reported_table_cells.csv","Audited reporting cells; author-approved 2008 correction. Calculations use analytical inputs, not these reference cells."
"CELL_0462","reported_table_cell","Table 1 61849 Rx1","1","1","0","PASS","audit/reported_table_cells.csv","Audited reporting cells; author-approved 2008 correction. Calculations use analytical inputs, not these reference cells."
"CELL_0463","reported_table_cell","Table 1 61849 R1a","0","0","0","PASS","audit/reported_table_cells.csv","Audited reporting cells; author-approved 2008 correction. Calculations use analytical inputs, not these reference cells."
"CELL_0464","reported_table_cell","Table 1 61849 R1b","5","5","0","PASS","audit/reported_table_cells.csv","Audited reporting cells; author-approved 2008 correction. Calculations use analytical inputs, not these reference cells."
"CELL_0465","reported_table_cell","Table 1 61849 R2a","0","0","0","PASS","audit/reported_table_cells.csv","Audited reporting cells; author-approved 2008 correction. Calculations use analytical inputs, not these reference cells."
"CELL_0466","reported_table_cell","Table 1 61849 Rx2b","8","8","0","PASS","audit/reported_table_cells.csv","Audited reporting cells; author-approved 2008 correction. Calculations use analytical inputs, not these reference cells."
"CELL_0467","reported_table_cell","Table 1 61849 Rx2a","0","0","0","PASS","audit/reported_table_cells.csv","Audited reporting cells; author-approved 2008 correction. Calculations use analytical inputs, not these reference cells."
"CELL_0468","reported_table_cell","Table 1 61849 R2b","2","2","0","PASS","audit/reported_table_cells.csv","Audited reporting cells; author-approved 2008 correction. Calculations use analytical inputs, not these reference cells."
"CELL_0469","reported_table_cell","Table 1 61849 R3a","0","0","0","PASS","audit/reported_table_cells.csv","Audited reporting cells; author-approved 2008 correction. Calculations use analytical inputs, not these reference cells."
"CELL_0470","reported_table_cell","Table 1 61849 R3b","3","3","0","PASS","audit/reported_table_cells.csv","Audited reporting cells; author-approved 2008 correction. Calculations use analytical inputs, not these reference cells."
"CELL_0471","reported_table_cell","Table 1 61849 HoT","11","11","0","PASS","audit/reported_table_cells.csv","Audited reporting cells; author-approved 2008 correction. Calculations use analytical inputs, not these reference cells."
"CELL_0472","reported_table_cell","Table 1 61849 Inner_Bay","16","16","0","PASS","audit/reported_table_cells.csv","Audited reporting cells; author-approved 2008 correction. Calculations use analytical inputs, not these reference cells."
"CELL_0473","reported_table_cell","Table 1 61849 Outer_Bay","0","0","0","PASS","audit/reported_table_cells.csv","Audited reporting cells; author-approved 2008 correction. Calculations use analytical inputs, not these reference cells."
"CELL_0474","reported_table_cell","Table 1 61849 all_SoBI","15","15","0","PASS","audit/reported_table_cells.csv","Audited reporting cells; author-approved 2008 correction. Calculations use analytical inputs, not these reference cells."
"CELL_0475","reported_table_cell","Table 1 61849 total_detections","68","68","0","PASS","audit/reported_table_cells.csv","Audited reporting cells; author-approved 2008 correction. Calculations use analytical inputs, not these reference cells."
"CELL_0476","reported_table_cell","Table 1 61849 release_Rx1_days","1.65","1.654537037037037","0.005000000001","PASS","audit/reported_table_cells.csv","Audited reporting cells; author-approved 2008 correction. Calculations use analytical inputs, not these reference cells."
"CELL_0477","reported_table_cell","Table 1 61849 release_HoT_days","2.18","2.181608796296296","0.005000000001","PASS","audit/reported_table_cells.csv","Audited reporting cells; author-approved 2008 correction. Calculations use analytical inputs, not these reference cells."
"CELL_0478","reported_table_cell","Table 1 61849 HoT_inner_days","1.41","1.412766203703704","0.005000000001","PASS","audit/reported_table_cells.csv","Audited reporting cells; author-approved 2008 correction. Calculations use analytical inputs, not these reference cells."
"CELL_0479","reported_table_cell","Table 1 61849 HoT_outer_days",NA,NA,"0.500000000001","PASS","audit/reported_table_cells.csv","Audited reporting cells; author-approved 2008 correction. Calculations use analytical inputs, not these reference cells."
"CELL_0480","reported_table_cell","Table 1 61849 HoT_SoBI_days","38.58","38.57929398148148","0.005000000001","PASS","audit/reported_table_cells.csv","Audited reporting cells; author-approved 2008 correction. Calculations use analytical inputs, not these reference cells."
"CELL_0481","reported_table_cell","Table 1 61850 fish_id","61850","61850","0","PASS","audit/reported_table_cells.csv","Audited reporting cells; author-approved 2008 correction. Calculations use analytical inputs, not these reference cells."
"CELL_0482","reported_table_cell","Table 1 61850 fork_length_mm","141","141","0","PASS","audit/reported_table_cells.csv","Audited reporting cells; author-approved 2008 correction. Calculations use analytical inputs, not these reference cells."
"CELL_0483","reported_table_cell","Table 1 61850 weight_g","24.1","24.1","0.050000000001","PASS","audit/reported_table_cells.csv","Audited reporting cells; author-approved 2008 correction. Calculations use analytical inputs, not these reference cells."
"CELL_0484","reported_table_cell","Table 1 61850 RP1","0","0","0","PASS","audit/reported_table_cells.csv","Audited reporting cells; author-approved 2008 correction. Calculations use analytical inputs, not these reference cells."
"CELL_0485","reported_table_cell","Table 1 61850 all_MM","1","1","0","PASS","audit/reported_table_cells.csv","Audited reporting cells; author-approved 2008 correction. Calculations use analytical inputs, not these reference cells."
"CELL_0486","reported_table_cell","Table 1 61850 Rx1","1","1","0","PASS","audit/reported_table_cells.csv","Audited reporting cells; author-approved 2008 correction. Calculations use analytical inputs, not these reference cells."
"CELL_0487","reported_table_cell","Table 1 61850 R1a","0","0","0","PASS","audit/reported_table_cells.csv","Audited reporting cells; author-approved 2008 correction. Calculations use analytical inputs, not these reference cells."
"CELL_0488","reported_table_cell","Table 1 61850 R1b","0","0","0","PASS","audit/reported_table_cells.csv","Audited reporting cells; author-approved 2008 correction. Calculations use analytical inputs, not these reference cells."
"CELL_0489","reported_table_cell","Table 1 61850 R2a","0","0","0","PASS","audit/reported_table_cells.csv","Audited reporting cells; author-approved 2008 correction. Calculations use analytical inputs, not these reference cells."
"CELL_0490","reported_table_cell","Table 1 61850 Rx2b","0","0","0","PASS","audit/reported_table_cells.csv","Audited reporting cells; author-approved 2008 correction. Calculations use analytical inputs, not these reference cells."
"CELL_0491","reported_table_cell","Table 1 61850 Rx2a","0","0","0","PASS","audit/reported_table_cells.csv","Audited reporting cells; author-approved 2008 correction. Calculations use analytical inputs, not these reference cells."
"CELL_0492","reported_table_cell","Table 1 61850 R2b","0","0","0","PASS","audit/reported_table_cells.csv","Audited reporting cells; author-approved 2008 correction. Calculations use analytical inputs, not these reference cells."
"CELL_0493","reported_table_cell","Table 1 61850 R3a","1","1","0","PASS","audit/reported_table_cells.csv","Audited reporting cells; author-approved 2008 correction. Calculations use analytical inputs, not these reference cells."
"CELL_0494","reported_table_cell","Table 1 61850 R3b","0","0","0","PASS","audit/reported_table_cells.csv","Audited reporting cells; author-approved 2008 correction. Calculations use analytical inputs, not these reference cells."
"CELL_0495","reported_table_cell","Table 1 61850 HoT","9","9","0","PASS","audit/reported_table_cells.csv","Audited reporting cells; author-approved 2008 correction. Calculations use analytical inputs, not these reference cells."
"CELL_0496","reported_table_cell","Table 1 61850 Inner_Bay","1","1","0","PASS","audit/reported_table_cells.csv","Audited reporting cells; author-approved 2008 correction. Calculations use analytical inputs, not these reference cells."
"CELL_0497","reported_table_cell","Table 1 61850 Outer_Bay","4","4","0","PASS","audit/reported_table_cells.csv","Audited reporting cells; author-approved 2008 correction. Calculations use analytical inputs, not these reference cells."
"CELL_0498","reported_table_cell","Table 1 61850 all_SoBI","0","0","0","PASS","audit/reported_table_cells.csv","Audited reporting cells; author-approved 2008 correction. Calculations use analytical inputs, not these reference cells."
"CELL_0499","reported_table_cell","Table 1 61850 total_detections","17","17","0","PASS","audit/reported_table_cells.csv","Audited reporting cells; author-approved 2008 correction. Calculations use analytical inputs, not these reference cells."
"CELL_0500","reported_table_cell","Table 1 61850 release_Rx1_days","1.66","1.660138888888889","0.005000000001","PASS","audit/reported_table_cells.csv","Audited reporting cells; author-approved 2008 correction. Calculations use analytical inputs, not these reference cells."
"CELL_0501","reported_table_cell","Table 1 61850 release_HoT_days","2.24","2.241851851851852","0.005000000001","PASS","audit/reported_table_cells.csv","Audited reporting cells; author-approved 2008 correction. Calculations use analytical inputs, not these reference cells."
"CELL_0502","reported_table_cell","Table 1 61850 HoT_inner_days","1.54","1.541793981481481","0.005000000001","PASS","audit/reported_table_cells.csv","Audited reporting cells; author-approved 2008 correction. Calculations use analytical inputs, not these reference cells."
"CELL_0503","reported_table_cell","Table 1 61850 HoT_outer_days","3.76","3.759571759259259","0.005000000001","PASS","audit/reported_table_cells.csv","Audited reporting cells; author-approved 2008 correction. Calculations use analytical inputs, not these reference cells."
"CELL_0504","reported_table_cell","Table 1 61850 HoT_SoBI_days",NA,NA,"0.500000000001","PASS","audit/reported_table_cells.csv","Audited reporting cells; author-approved 2008 correction. Calculations use analytical inputs, not these reference cells."
"CELL_0505","reported_table_cell","Table 1 61851 fish_id","61851","61851","0","PASS","audit/reported_table_cells.csv","Audited reporting cells; author-approved 2008 correction. Calculations use analytical inputs, not these reference cells."
"CELL_0506","reported_table_cell","Table 1 61851 fork_length_mm","147","147","0","PASS","audit/reported_table_cells.csv","Audited reporting cells; author-approved 2008 correction. Calculations use analytical inputs, not these reference cells."
"CELL_0507","reported_table_cell","Table 1 61851 weight_g","21.1","21.1","0.050000000001","PASS","audit/reported_table_cells.csv","Audited reporting cells; author-approved 2008 correction. Calculations use analytical inputs, not these reference cells."
"CELL_0508","reported_table_cell","Table 1 61851 RP1","0","0","0","PASS","audit/reported_table_cells.csv","Audited reporting cells; author-approved 2008 correction. Calculations use analytical inputs, not these reference cells."
"CELL_0509","reported_table_cell","Table 1 61851 all_MM","0","0","0","PASS","audit/reported_table_cells.csv","Audited reporting cells; author-approved 2008 correction. Calculations use analytical inputs, not these reference cells."
"CELL_0510","reported_table_cell","Table 1 61851 Rx1","1","1","0","PASS","audit/reported_table_cells.csv","Audited reporting cells; author-approved 2008 correction. Calculations use analytical inputs, not these reference cells."
"CELL_0511","reported_table_cell","Table 1 61851 R1a","0","0","0","PASS","audit/reported_table_cells.csv","Audited reporting cells; author-approved 2008 correction. Calculations use analytical inputs, not these reference cells."
"CELL_0512","reported_table_cell","Table 1 61851 R1b","0","0","0","PASS","audit/reported_table_cells.csv","Audited reporting cells; author-approved 2008 correction. Calculations use analytical inputs, not these reference cells."
"CELL_0513","reported_table_cell","Table 1 61851 R2a","1","1","0","PASS","audit/reported_table_cells.csv","Audited reporting cells; author-approved 2008 correction. Calculations use analytical inputs, not these reference cells."
"CELL_0514","reported_table_cell","Table 1 61851 Rx2b","0","0","0","PASS","audit/reported_table_cells.csv","Audited reporting cells; author-approved 2008 correction. Calculations use analytical inputs, not these reference cells."
"CELL_0515","reported_table_cell","Table 1 61851 Rx2a","0","0","0","PASS","audit/reported_table_cells.csv","Audited reporting cells; author-approved 2008 correction. Calculations use analytical inputs, not these reference cells."
"CELL_0516","reported_table_cell","Table 1 61851 R2b","0","0","0","PASS","audit/reported_table_cells.csv","Audited reporting cells; author-approved 2008 correction. Calculations use analytical inputs, not these reference cells."
"CELL_0517","reported_table_cell","Table 1 61851 R3a","2","2","0","PASS","audit/reported_table_cells.csv","Audited reporting cells; author-approved 2008 correction. Calculations use analytical inputs, not these reference cells."
"CELL_0518","reported_table_cell","Table 1 61851 R3b","0","0","0","PASS","audit/reported_table_cells.csv","Audited reporting cells; author-approved 2008 correction. Calculations use analytical inputs, not these reference cells."
"CELL_0519","reported_table_cell","Table 1 61851 HoT","0","0","0","PASS","audit/reported_table_cells.csv","Audited reporting cells; author-approved 2008 correction. Calculations use analytical inputs, not these reference cells."
"CELL_0520","reported_table_cell","Table 1 61851 Inner_Bay","0","0","0","PASS","audit/reported_table_cells.csv","Audited reporting cells; author-approved 2008 correction. Calculations use analytical inputs, not these reference cells."
"CELL_0521","reported_table_cell","Table 1 61851 Outer_Bay","0","0","0","PASS","audit/reported_table_cells.csv","Audited reporting cells; author-approved 2008 correction. Calculations use analytical inputs, not these reference cells."
"CELL_0522","reported_table_cell","Table 1 61851 all_SoBI","0","0","0","PASS","audit/reported_table_cells.csv","Audited reporting cells; author-approved 2008 correction. Calculations use analytical inputs, not these reference cells."
"CELL_0523","reported_table_cell","Table 1 61851 total_detections","4","4","0","PASS","audit/reported_table_cells.csv","Audited reporting cells; author-approved 2008 correction. Calculations use analytical inputs, not these reference cells."
"CELL_0524","reported_table_cell","Table 1 61851 release_Rx1_days","5.38","5.382766203703704","0.005000000001","PASS","audit/reported_table_cells.csv","Audited reporting cells; author-approved 2008 correction. Calculations use analytical inputs, not these reference cells."
"CELL_0525","reported_table_cell","Table 1 61851 release_HoT_days",NA,NA,"0.500000000001","PASS","audit/reported_table_cells.csv","Audited reporting cells; author-approved 2008 correction. Calculations use analytical inputs, not these reference cells."
"CELL_0526","reported_table_cell","Table 1 61851 HoT_inner_days",NA,NA,"0.500000000001","PASS","audit/reported_table_cells.csv","Audited reporting cells; author-approved 2008 correction. Calculations use analytical inputs, not these reference cells."
"CELL_0527","reported_table_cell","Table 1 61851 HoT_outer_days",NA,NA,"0.500000000001","PASS","audit/reported_table_cells.csv","Audited reporting cells; author-approved 2008 correction. Calculations use analytical inputs, not these reference cells."
"CELL_0528","reported_table_cell","Table 1 61851 HoT_SoBI_days",NA,NA,"0.500000000001","PASS","audit/reported_table_cells.csv","Audited reporting cells; author-approved 2008 correction. Calculations use analytical inputs, not these reference cells."
"CELL_0529","reported_table_cell","Table 1 61852 fish_id","61852","61852","0","PASS","audit/reported_table_cells.csv","Audited reporting cells; author-approved 2008 correction. Calculations use analytical inputs, not these reference cells."
"CELL_0530","reported_table_cell","Table 1 61852 fork_length_mm","138","138","0","PASS","audit/reported_table_cells.csv","Audited reporting cells; author-approved 2008 correction. Calculations use analytical inputs, not these reference cells."
"CELL_0531","reported_table_cell","Table 1 61852 weight_g","21.5","21.5","0.050000000001","PASS","audit/reported_table_cells.csv","Audited reporting cells; author-approved 2008 correction. Calculations use analytical inputs, not these reference cells."
"CELL_0532","reported_table_cell","Table 1 61852 RP1","0","0","0","PASS","audit/reported_table_cells.csv","Audited reporting cells; author-approved 2008 correction. Calculations use analytical inputs, not these reference cells."
"CELL_0533","reported_table_cell","Table 1 61852 all_MM","3","3","0","PASS","audit/reported_table_cells.csv","Audited reporting cells; author-approved 2008 correction. Calculations use analytical inputs, not these reference cells."
"CELL_0534","reported_table_cell","Table 1 61852 Rx1","0","0","0","PASS","audit/reported_table_cells.csv","Audited reporting cells; author-approved 2008 correction. Calculations use analytical inputs, not these reference cells."
"CELL_0535","reported_table_cell","Table 1 61852 R1a","0","0","0","PASS","audit/reported_table_cells.csv","Audited reporting cells; author-approved 2008 correction. Calculations use analytical inputs, not these reference cells."
"CELL_0536","reported_table_cell","Table 1 61852 R1b","0","0","0","PASS","audit/reported_table_cells.csv","Audited reporting cells; author-approved 2008 correction. Calculations use analytical inputs, not these reference cells."
"CELL_0537","reported_table_cell","Table 1 61852 R2a","0","0","0","PASS","audit/reported_table_cells.csv","Audited reporting cells; author-approved 2008 correction. Calculations use analytical inputs, not these reference cells."
"CELL_0538","reported_table_cell","Table 1 61852 Rx2b","0","0","0","PASS","audit/reported_table_cells.csv","Audited reporting cells; author-approved 2008 correction. Calculations use analytical inputs, not these reference cells."
"CELL_0539","reported_table_cell","Table 1 61852 Rx2a","1","1","0","PASS","audit/reported_table_cells.csv","Audited reporting cells; author-approved 2008 correction. Calculations use analytical inputs, not these reference cells."
"CELL_0540","reported_table_cell","Table 1 61852 R2b","0","0","0","PASS","audit/reported_table_cells.csv","Audited reporting cells; author-approved 2008 correction. Calculations use analytical inputs, not these reference cells."
"CELL_0541","reported_table_cell","Table 1 61852 R3a","0","0","0","PASS","audit/reported_table_cells.csv","Audited reporting cells; author-approved 2008 correction. Calculations use analytical inputs, not these reference cells."
"CELL_0542","reported_table_cell","Table 1 61852 R3b","0","0","0","PASS","audit/reported_table_cells.csv","Audited reporting cells; author-approved 2008 correction. Calculations use analytical inputs, not these reference cells."
"CELL_0543","reported_table_cell","Table 1 61852 HoT","75","75","0","PASS","audit/reported_table_cells.csv","Audited reporting cells; author-approved 2008 correction. Calculations use analytical inputs, not these reference cells."
"CELL_0544","reported_table_cell","Table 1 61852 Inner_Bay","0","0","0","PASS","audit/reported_table_cells.csv","Audited reporting cells; author-approved 2008 correction. Calculations use analytical inputs, not these reference cells."
"CELL_0545","reported_table_cell","Table 1 61852 Outer_Bay","17","17","0","PASS","audit/reported_table_cells.csv","Audited reporting cells; author-approved 2008 correction. Calculations use analytical inputs, not these reference cells."
"CELL_0546","reported_table_cell","Table 1 61852 all_SoBI","0","0","0","PASS","audit/reported_table_cells.csv","Audited reporting cells; author-approved 2008 correction. Calculations use analytical inputs, not these reference cells."
"CELL_0547","reported_table_cell","Table 1 61852 total_detections","96","96","0","PASS","audit/reported_table_cells.csv","Audited reporting cells; author-approved 2008 correction. Calculations use analytical inputs, not these reference cells."
"CELL_0548","reported_table_cell","Table 1 61852 release_Rx1_days",NA,NA,"0.500000000001","PASS","audit/reported_table_cells.csv","Audited reporting cells; author-approved 2008 correction. Calculations use analytical inputs, not these reference cells."
"CELL_0549","reported_table_cell","Table 1 61852 release_HoT_days","1.9","1.898344907407407","0.005000000001","PASS","audit/reported_table_cells.csv","Audited reporting cells; author-approved 2008 correction. Calculations use analytical inputs, not these reference cells."
"CELL_0550","reported_table_cell","Table 1 61852 HoT_inner_days",NA,NA,"0.500000000001","PASS","audit/reported_table_cells.csv","Audited reporting cells; author-approved 2008 correction. Calculations use analytical inputs, not these reference cells."
"CELL_0551","reported_table_cell","Table 1 61852 HoT_outer_days","4.92","4.917060185185186","0.005000000001","PASS","audit/reported_table_cells.csv","Audited reporting cells; author-approved 2008 correction. Calculations use analytical inputs, not these reference cells."
"CELL_0552","reported_table_cell","Table 1 61852 HoT_SoBI_days",NA,NA,"0.500000000001","PASS","audit/reported_table_cells.csv","Audited reporting cells; author-approved 2008 correction. Calculations use analytical inputs, not these reference cells."
"CELL_0553","reported_table_cell","Table 1 61853 fish_id","61853","61853","0","PASS","audit/reported_table_cells.csv","Audited reporting cells; author-approved 2008 correction. Calculations use analytical inputs, not these reference cells."
"CELL_0554","reported_table_cell","Table 1 61853 fork_length_mm","141","141","0","PASS","audit/reported_table_cells.csv","Audited reporting cells; author-approved 2008 correction. Calculations use analytical inputs, not these reference cells."
"CELL_0555","reported_table_cell","Table 1 61853 weight_g","21.8","21.8","0.050000000001","PASS","audit/reported_table_cells.csv","Audited reporting cells; author-approved 2008 correction. Calculations use analytical inputs, not these reference cells."
"CELL_0556","reported_table_cell","Table 1 61853 RP1","1","1","0","PASS","audit/reported_table_cells.csv","Audited reporting cells; author-approved 2008 correction. Calculations use analytical inputs, not these reference cells."
"CELL_0557","reported_table_cell","Table 1 61853 all_MM","3","3","0","PASS","audit/reported_table_cells.csv","Audited reporting cells; author-approved 2008 correction. Calculations use analytical inputs, not these reference cells."
"CELL_0558","reported_table_cell","Table 1 61853 Rx1","0","0","0","PASS","audit/reported_table_cells.csv","Audited reporting cells; author-approved 2008 correction. Calculations use analytical inputs, not these reference cells."
"CELL_0559","reported_table_cell","Table 1 61853 R1a","0","0","0","PASS","audit/reported_table_cells.csv","Audited reporting cells; author-approved 2008 correction. Calculations use analytical inputs, not these reference cells."
"CELL_0560","reported_table_cell","Table 1 61853 R1b","3","3","0","PASS","audit/reported_table_cells.csv","Audited reporting cells; author-approved 2008 correction. Calculations use analytical inputs, not these reference cells."
"CELL_0561","reported_table_cell","Table 1 61853 R2a","0","0","0","PASS","audit/reported_table_cells.csv","Audited reporting cells; author-approved 2008 correction. Calculations use analytical inputs, not these reference cells."
"CELL_0562","reported_table_cell","Table 1 61853 Rx2b","0","0","0","PASS","audit/reported_table_cells.csv","Audited reporting cells; author-approved 2008 correction. Calculations use analytical inputs, not these reference cells."
"CELL_0563","reported_table_cell","Table 1 61853 Rx2a","1","1","0","PASS","audit/reported_table_cells.csv","Audited reporting cells; author-approved 2008 correction. Calculations use analytical inputs, not these reference cells."
"CELL_0564","reported_table_cell","Table 1 61853 R2b","0","0","0","PASS","audit/reported_table_cells.csv","Audited reporting cells; author-approved 2008 correction. Calculations use analytical inputs, not these reference cells."
"CELL_0565","reported_table_cell","Table 1 61853 R3a","0","0","0","PASS","audit/reported_table_cells.csv","Audited reporting cells; author-approved 2008 correction. Calculations use analytical inputs, not these reference cells."
"CELL_0566","reported_table_cell","Table 1 61853 R3b","0","0","0","PASS","audit/reported_table_cells.csv","Audited reporting cells; author-approved 2008 correction. Calculations use analytical inputs, not these reference cells."
"CELL_0567","reported_table_cell","Table 1 61853 HoT","57","57","0","PASS","audit/reported_table_cells.csv","Audited reporting cells; author-approved 2008 correction. Calculations use analytical inputs, not these reference cells."
"CELL_0568","reported_table_cell","Table 1 61853 Inner_Bay","6","6","0","PASS","audit/reported_table_cells.csv","Audited reporting cells; author-approved 2008 correction. Calculations use analytical inputs, not these reference cells."
"CELL_0569","reported_table_cell","Table 1 61853 Outer_Bay","190","190","0","PASS","audit/reported_table_cells.csv","Audited reporting cells; author-approved 2008 correction. Calculations use analytical inputs, not these reference cells."
"CELL_0570","reported_table_cell","Table 1 61853 all_SoBI","0","0","0","PASS","audit/reported_table_cells.csv","Audited reporting cells; author-approved 2008 correction. Calculations use analytical inputs, not these reference cells."
"CELL_0571","reported_table_cell","Table 1 61853 total_detections","261","261","0","PASS","audit/reported_table_cells.csv","Audited reporting cells; author-approved 2008 correction. Calculations use analytical inputs, not these reference cells."
"CELL_0572","reported_table_cell","Table 1 61853 release_Rx1_days",NA,NA,"0.500000000001","PASS","audit/reported_table_cells.csv","Audited reporting cells; author-approved 2008 correction. Calculations use analytical inputs, not these reference cells."
"CELL_0573","reported_table_cell","Table 1 61853 release_HoT_days","5.34","5.338611111111111","0.005000000001","PASS","audit/reported_table_cells.csv","Audited reporting cells; author-approved 2008 correction. Calculations use analytical inputs, not these reference cells."
"CELL_0574","reported_table_cell","Table 1 61853 HoT_inner_days","1.33","1.328912037037037","0.005000000001","PASS","audit/reported_table_cells.csv","Audited reporting cells; author-approved 2008 correction. Calculations use analytical inputs, not these reference cells."
"CELL_0575","reported_table_cell","Table 1 61853 HoT_outer_days","5.87","5.869502314814815","0.005000000001","PASS","audit/reported_table_cells.csv","Audited reporting cells; author-approved 2008 correction. Calculations use analytical inputs, not these reference cells."
"CELL_0576","reported_table_cell","Table 1 61853 HoT_SoBI_days",NA,NA,"0.500000000001","PASS","audit/reported_table_cells.csv","Audited reporting cells; author-approved 2008 correction. Calculations use analytical inputs, not these reference cells."
"CELL_0577","reported_table_cell","Table 1 61854 fish_id","61854","61854","0","PASS","audit/reported_table_cells.csv","Audited reporting cells; author-approved 2008 correction. Calculations use analytical inputs, not these reference cells."
"CELL_0578","reported_table_cell","Table 1 61854 fork_length_mm","134","134","0","PASS","audit/reported_table_cells.csv","Audited reporting cells; author-approved 2008 correction. Calculations use analytical inputs, not these reference cells."
"CELL_0579","reported_table_cell","Table 1 61854 weight_g","20.4","20.4","0.050000000001","PASS","audit/reported_table_cells.csv","Audited reporting cells; author-approved 2008 correction. Calculations use analytical inputs, not these reference cells."
"CELL_0580","reported_table_cell","Table 1 61854 RP1","0","0","0","PASS","audit/reported_table_cells.csv","Audited reporting cells; author-approved 2008 correction. Calculations use analytical inputs, not these reference cells."
"CELL_0581","reported_table_cell","Table 1 61854 all_MM","3","3","0","PASS","audit/reported_table_cells.csv","Audited reporting cells; author-approved 2008 correction. Calculations use analytical inputs, not these reference cells."
"CELL_0582","reported_table_cell","Table 1 61854 Rx1","0","0","0","PASS","audit/reported_table_cells.csv","Audited reporting cells; author-approved 2008 correction. Calculations use analytical inputs, not these reference cells."
"CELL_0583","reported_table_cell","Table 1 61854 R1a","0","0","0","PASS","audit/reported_table_cells.csv","Audited reporting cells; author-approved 2008 correction. Calculations use analytical inputs, not these reference cells."
"CELL_0584","reported_table_cell","Table 1 61854 R1b","4","4","0","PASS","audit/reported_table_cells.csv","Audited reporting cells; author-approved 2008 correction. Calculations use analytical inputs, not these reference cells."
"CELL_0585","reported_table_cell","Table 1 61854 R2a","0","0","0","PASS","audit/reported_table_cells.csv","Audited reporting cells; author-approved 2008 correction. Calculations use analytical inputs, not these reference cells."
"CELL_0586","reported_table_cell","Table 1 61854 Rx2b","1","1","0","PASS","audit/reported_table_cells.csv","Audited reporting cells; author-approved 2008 correction. Calculations use analytical inputs, not these reference cells."
"CELL_0587","reported_table_cell","Table 1 61854 Rx2a","0","0","0","PASS","audit/reported_table_cells.csv","Audited reporting cells; author-approved 2008 correction. Calculations use analytical inputs, not these reference cells."
"CELL_0588","reported_table_cell","Table 1 61854 R2b","0","0","0","PASS","audit/reported_table_cells.csv","Audited reporting cells; author-approved 2008 correction. Calculations use analytical inputs, not these reference cells."
"CELL_0589","reported_table_cell","Table 1 61854 R3a","0","0","0","PASS","audit/reported_table_cells.csv","Audited reporting cells; author-approved 2008 correction. Calculations use analytical inputs, not these reference cells."
"CELL_0590","reported_table_cell","Table 1 61854 R3b","1","1","0","PASS","audit/reported_table_cells.csv","Audited reporting cells; author-approved 2008 correction. Calculations use analytical inputs, not these reference cells."
"CELL_0591","reported_table_cell","Table 1 61854 HoT","57","57","0","PASS","audit/reported_table_cells.csv","Audited reporting cells; author-approved 2008 correction. Calculations use analytical inputs, not these reference cells."
"CELL_0592","reported_table_cell","Table 1 61854 Inner_Bay","27","27","0","PASS","audit/reported_table_cells.csv","Audited reporting cells; author-approved 2008 correction. Calculations use analytical inputs, not these reference cells."
"CELL_0593","reported_table_cell","Table 1 61854 Outer_Bay","228","228","0","PASS","audit/reported_table_cells.csv","Audited reporting cells; author-approved 2008 correction. Calculations use analytical inputs, not these reference cells."
"CELL_0594","reported_table_cell","Table 1 61854 all_SoBI","0","0","0","PASS","audit/reported_table_cells.csv","Audited reporting cells; author-approved 2008 correction. Calculations use analytical inputs, not these reference cells."
"CELL_0595","reported_table_cell","Table 1 61854 total_detections","321","321","0","PASS","audit/reported_table_cells.csv","Audited reporting cells; author-approved 2008 correction. Calculations use analytical inputs, not these reference cells."
"CELL_0596","reported_table_cell","Table 1 61854 release_Rx1_days",NA,NA,"0.500000000001","PASS","audit/reported_table_cells.csv","Audited reporting cells; author-approved 2008 correction. Calculations use analytical inputs, not these reference cells."
"CELL_0597","reported_table_cell","Table 1 61854 release_HoT_days","2.29","2.289386574074074","0.005000000001","PASS","audit/reported_table_cells.csv","Audited reporting cells; author-approved 2008 correction. Calculations use analytical inputs, not these reference cells."
"CELL_0598","reported_table_cell","Table 1 61854 HoT_inner_days","1.08","1.077673611111111","0.005000000001","PASS","audit/reported_table_cells.csv","Audited reporting cells; author-approved 2008 correction. Calculations use analytical inputs, not these reference cells."
"CELL_0599","reported_table_cell","Table 1 61854 HoT_outer_days","3.92","3.915347222222222","0.005000000001","PASS","audit/reported_table_cells.csv","Audited reporting cells; author-approved 2008 correction. Calculations use analytical inputs, not these reference cells."
"CELL_0600","reported_table_cell","Table 1 61854 HoT_SoBI_days",NA,NA,"0.500000000001","PASS","audit/reported_table_cells.csv","Audited reporting cells; author-approved 2008 correction. Calculations use analytical inputs, not these reference cells."
"CELL_0601","reported_table_cell","Table 1 61855 fish_id","61855","61855","0","PASS","audit/reported_table_cells.csv","Audited reporting cells; author-approved 2008 correction. Calculations use analytical inputs, not these reference cells."
"CELL_0602","reported_table_cell","Table 1 61855 fork_length_mm","162","162","0","PASS","audit/reported_table_cells.csv","Audited reporting cells; author-approved 2008 correction. Calculations use analytical inputs, not these reference cells."
"CELL_0603","reported_table_cell","Table 1 61855 weight_g","41.2","41.2","0.050000000001","PASS","audit/reported_table_cells.csv","Audited reporting cells; author-approved 2008 correction. Calculations use analytical inputs, not these reference cells."
"CELL_0604","reported_table_cell","Table 1 61855 RP1","0","0","0","PASS","audit/reported_table_cells.csv","Audited reporting cells; author-approved 2008 correction. Calculations use analytical inputs, not these reference cells."
"CELL_0605","reported_table_cell","Table 1 61855 all_MM","3","3","0","PASS","audit/reported_table_cells.csv","Audited reporting cells; author-approved 2008 correction. Calculations use analytical inputs, not these reference cells."
"CELL_0606","reported_table_cell","Table 1 61855 Rx1","0","0","0","PASS","audit/reported_table_cells.csv","Audited reporting cells; author-approved 2008 correction. Calculations use analytical inputs, not these reference cells."
"CELL_0607","reported_table_cell","Table 1 61855 R1a","0","0","0","PASS","audit/reported_table_cells.csv","Audited reporting cells; author-approved 2008 correction. Calculations use analytical inputs, not these reference cells."
"CELL_0608","reported_table_cell","Table 1 61855 R1b","0","0","0","PASS","audit/reported_table_cells.csv","Audited reporting cells; author-approved 2008 correction. Calculations use analytical inputs, not these reference cells."
"CELL_0609","reported_table_cell","Table 1 61855 R2a","0","0","0","PASS","audit/reported_table_cells.csv","Audited reporting cells; author-approved 2008 correction. Calculations use analytical inputs, not these reference cells."
"CELL_0610","reported_table_cell","Table 1 61855 Rx2b","0","0","0","PASS","audit/reported_table_cells.csv","Audited reporting cells; author-approved 2008 correction. Calculations use analytical inputs, not these reference cells."
"CELL_0611","reported_table_cell","Table 1 61855 Rx2a","0","0","0","PASS","audit/reported_table_cells.csv","Audited reporting cells; author-approved 2008 correction. Calculations use analytical inputs, not these reference cells."
"CELL_0612","reported_table_cell","Table 1 61855 R2b","0","0","0","PASS","audit/reported_table_cells.csv","Audited reporting cells; author-approved 2008 correction. Calculations use analytical inputs, not these reference cells."
"CELL_0613","reported_table_cell","Table 1 61855 R3a","2","2","0","PASS","audit/reported_table_cells.csv","Audited reporting cells; author-approved 2008 correction. Calculations use analytical inputs, not these reference cells."
"CELL_0614","reported_table_cell","Table 1 61855 R3b","0","0","0","PASS","audit/reported_table_cells.csv","Audited reporting cells; author-approved 2008 correction. Calculations use analytical inputs, not these reference cells."
"CELL_0615","reported_table_cell","Table 1 61855 HoT","192","192","0","PASS","audit/reported_table_cells.csv","Audited reporting cells; author-approved 2008 correction. Calculations use analytical inputs, not these reference cells."
"CELL_0616","reported_table_cell","Table 1 61855 Inner_Bay","0","0","0","PASS","audit/reported_table_cells.csv","Audited reporting cells; author-approved 2008 correction. Calculations use analytical inputs, not these reference cells."
"CELL_0617","reported_table_cell","Table 1 61855 Outer_Bay","11","11","0","PASS","audit/reported_table_cells.csv","Audited reporting cells; author-approved 2008 correction. Calculations use analytical inputs, not these reference cells."
"CELL_0618","reported_table_cell","Table 1 61855 all_SoBI","1","1","0","PASS","audit/reported_table_cells.csv","Audited reporting cells; author-approved 2008 correction. Calculations use analytical inputs, not these reference cells."
"CELL_0619","reported_table_cell","Table 1 61855 total_detections","209","209","0","PASS","audit/reported_table_cells.csv","Audited reporting cells; author-approved 2008 correction. Calculations use analytical inputs, not these reference cells."
"CELL_0620","reported_table_cell","Table 1 61855 release_Rx1_days",NA,NA,"0.500000000001","PASS","audit/reported_table_cells.csv","Audited reporting cells; author-approved 2008 correction. Calculations use analytical inputs, not these reference cells."
"CELL_0621","reported_table_cell","Table 1 61855 release_HoT_days","6.31","6.309259259259259","0.005000000001","PASS","audit/reported_table_cells.csv","Audited reporting cells; author-approved 2008 correction. Calculations use analytical inputs, not these reference cells."
"CELL_0622","reported_table_cell","Table 1 61855 HoT_inner_days",NA,NA,"0.500000000001","PASS","audit/reported_table_cells.csv","Audited reporting cells; author-approved 2008 correction. Calculations use analytical inputs, not these reference cells."
"CELL_0623","reported_table_cell","Table 1 61855 HoT_outer_days","4.47","4.468622685185185","0.005000000001","PASS","audit/reported_table_cells.csv","Audited reporting cells; author-approved 2008 correction. Calculations use analytical inputs, not these reference cells."
"CELL_0624","reported_table_cell","Table 1 61855 HoT_SoBI_days","32.57","32.56762731481481","0.005000000001","PASS","audit/reported_table_cells.csv","Audited reporting cells; author-approved 2008 correction. Calculations use analytical inputs, not these reference cells."
"CELL_0625","reported_table_cell","Table 1 61856 fish_id","61856","61856","0","PASS","audit/reported_table_cells.csv","Audited reporting cells; author-approved 2008 correction. Calculations use analytical inputs, not these reference cells."
"CELL_0626","reported_table_cell","Table 1 61856 fork_length_mm","147","147","0","PASS","audit/reported_table_cells.csv","Audited reporting cells; author-approved 2008 correction. Calculations use analytical inputs, not these reference cells."
"CELL_0627","reported_table_cell","Table 1 61856 weight_g","29.5","29.5","0.050000000001","PASS","audit/reported_table_cells.csv","Audited reporting cells; author-approved 2008 correction. Calculations use analytical inputs, not these reference cells."
"CELL_0628","reported_table_cell","Table 1 61856 RP1","0","0","0","PASS","audit/reported_table_cells.csv","Audited reporting cells; author-approved 2008 correction. Calculations use analytical inputs, not these reference cells."
"CELL_0629","reported_table_cell","Table 1 61856 all_MM","3","3","0","PASS","audit/reported_table_cells.csv","Audited reporting cells; author-approved 2008 correction. Calculations use analytical inputs, not these reference cells."
"CELL_0630","reported_table_cell","Table 1 61856 Rx1","0","0","0","PASS","audit/reported_table_cells.csv","Audited reporting cells; author-approved 2008 correction. Calculations use analytical inputs, not these reference cells."
"CELL_0631","reported_table_cell","Table 1 61856 R1a","0","0","0","PASS","audit/reported_table_cells.csv","Audited reporting cells; author-approved 2008 correction. Calculations use analytical inputs, not these reference cells."
"CELL_0632","reported_table_cell","Table 1 61856 R1b","0","0","0","PASS","audit/reported_table_cells.csv","Audited reporting cells; author-approved 2008 correction. Calculations use analytical inputs, not these reference cells."
"CELL_0633","reported_table_cell","Table 1 61856 R2a","0","0","0","PASS","audit/reported_table_cells.csv","Audited reporting cells; author-approved 2008 correction. Calculations use analytical inputs, not these reference cells."
"CELL_0634","reported_table_cell","Table 1 61856 Rx2b","0","0","0","PASS","audit/reported_table_cells.csv","Audited reporting cells; author-approved 2008 correction. Calculations use analytical inputs, not these reference cells."
"CELL_0635","reported_table_cell","Table 1 61856 Rx2a","0","0","0","PASS","audit/reported_table_cells.csv","Audited reporting cells; author-approved 2008 correction. Calculations use analytical inputs, not these reference cells."
"CELL_0636","reported_table_cell","Table 1 61856 R2b","0","0","0","PASS","audit/reported_table_cells.csv","Audited reporting cells; author-approved 2008 correction. Calculations use analytical inputs, not these reference cells."
"CELL_0637","reported_table_cell","Table 1 61856 R3a","1","1","0","PASS","audit/reported_table_cells.csv","Audited reporting cells; author-approved 2008 correction. Calculations use analytical inputs, not these reference cells."
"CELL_0638","reported_table_cell","Table 1 61856 R3b","0","0","0","PASS","audit/reported_table_cells.csv","Audited reporting cells; author-approved 2008 correction. Calculations use analytical inputs, not these reference cells."
"CELL_0639","reported_table_cell","Table 1 61856 HoT","7","7","0","PASS","audit/reported_table_cells.csv","Audited reporting cells; author-approved 2008 correction. Calculations use analytical inputs, not these reference cells."
"CELL_0640","reported_table_cell","Table 1 61856 Inner_Bay","0","0","0","PASS","audit/reported_table_cells.csv","Audited reporting cells; author-approved 2008 correction. Calculations use analytical inputs, not these reference cells."
"CELL_0641","reported_table_cell","Table 1 61856 Outer_Bay","29","29","0","PASS","audit/reported_table_cells.csv","Audited reporting cells; author-approved 2008 correction. Calculations use analytical inputs, not these reference cells."
"CELL_0642","reported_table_cell","Table 1 61856 all_SoBI","0","0","0","PASS","audit/reported_table_cells.csv","Audited reporting cells; author-approved 2008 correction. Calculations use analytical inputs, not these reference cells."
"CELL_0643","reported_table_cell","Table 1 61856 total_detections","40","40","0","PASS","audit/reported_table_cells.csv","Audited reporting cells; author-approved 2008 correction. Calculations use analytical inputs, not these reference cells."
"CELL_0644","reported_table_cell","Table 1 61856 release_Rx1_days",NA,NA,"0.500000000001","PASS","audit/reported_table_cells.csv","Audited reporting cells; author-approved 2008 correction. Calculations use analytical inputs, not these reference cells."
"CELL_0645","reported_table_cell","Table 1 61856 release_HoT_days","2.12","2.119363425925926","0.005000000001","PASS","audit/reported_table_cells.csv","Audited reporting cells; author-approved 2008 correction. Calculations use analytical inputs, not these reference cells."
"CELL_0646","reported_table_cell","Table 1 61856 HoT_inner_days",NA,NA,"0.500000000001","PASS","audit/reported_table_cells.csv","Audited reporting cells; author-approved 2008 correction. Calculations use analytical inputs, not these reference cells."
"CELL_0647","reported_table_cell","Table 1 61856 HoT_outer_days","4.91","4.912638888888889","0.005000000001","PASS","audit/reported_table_cells.csv","Audited reporting cells; author-approved 2008 correction. Calculations use analytical inputs, not these reference cells."
"CELL_0648","reported_table_cell","Table 1 61856 HoT_SoBI_days",NA,NA,"0.500000000001","PASS","audit/reported_table_cells.csv","Audited reporting cells; author-approved 2008 correction. Calculations use analytical inputs, not these reference cells."
"CELL_0649","reported_table_cell","Table 1 61857 fish_id","61857","61857","0","PASS","audit/reported_table_cells.csv","Audited reporting cells; author-approved 2008 correction. Calculations use analytical inputs, not these reference cells."
"CELL_0650","reported_table_cell","Table 1 61857 fork_length_mm","147","147","0","PASS","audit/reported_table_cells.csv","Audited reporting cells; author-approved 2008 correction. Calculations use analytical inputs, not these reference cells."
"CELL_0651","reported_table_cell","Table 1 61857 weight_g","26","26","0.500000000001","PASS","audit/reported_table_cells.csv","Audited reporting cells; author-approved 2008 correction. Calculations use analytical inputs, not these reference cells."
"CELL_0652","reported_table_cell","Table 1 61857 RP1","1","1","0","PASS","audit/reported_table_cells.csv","Audited reporting cells; author-approved 2008 correction. Calculations use analytical inputs, not these reference cells."
"CELL_0653","reported_table_cell","Table 1 61857 all_MM","3","3","0","PASS","audit/reported_table_cells.csv","Audited reporting cells; author-approved 2008 correction. Calculations use analytical inputs, not these reference cells."
"CELL_0654","reported_table_cell","Table 1 61857 Rx1","0","0","0","PASS","audit/reported_table_cells.csv","Audited reporting cells; author-approved 2008 correction. Calculations use analytical inputs, not these reference cells."
"CELL_0655","reported_table_cell","Table 1 61857 R1a","0","0","0","PASS","audit/reported_table_cells.csv","Audited reporting cells; author-approved 2008 correction. Calculations use analytical inputs, not these reference cells."
"CELL_0656","reported_table_cell","Table 1 61857 R1b","3","3","0","PASS","audit/reported_table_cells.csv","Audited reporting cells; author-approved 2008 correction. Calculations use analytical inputs, not these reference cells."
"CELL_0657","reported_table_cell","Table 1 61857 R2a","0","0","0","PASS","audit/reported_table_cells.csv","Audited reporting cells; author-approved 2008 correction. Calculations use analytical inputs, not these reference cells."
"CELL_0658","reported_table_cell","Table 1 61857 Rx2b","2","2","0","PASS","audit/reported_table_cells.csv","Audited reporting cells; author-approved 2008 correction. Calculations use analytical inputs, not these reference cells."
"CELL_0659","reported_table_cell","Table 1 61857 Rx2a","0","0","0","PASS","audit/reported_table_cells.csv","Audited reporting cells; author-approved 2008 correction. Calculations use analytical inputs, not these reference cells."
"CELL_0660","reported_table_cell","Table 1 61857 R2b","1","1","0","PASS","audit/reported_table_cells.csv","Audited reporting cells; author-approved 2008 correction. Calculations use analytical inputs, not these reference cells."
"CELL_0661","reported_table_cell","Table 1 61857 R3a","0","0","0","PASS","audit/reported_table_cells.csv","Audited reporting cells; author-approved 2008 correction. Calculations use analytical inputs, not these reference cells."
"CELL_0662","reported_table_cell","Table 1 61857 R3b","0","0","0","PASS","audit/reported_table_cells.csv","Audited reporting cells; author-approved 2008 correction. Calculations use analytical inputs, not these reference cells."
"CELL_0663","reported_table_cell","Table 1 61857 HoT","230","230","0","PASS","audit/reported_table_cells.csv","Audited reporting cells; author-approved 2008 correction. Calculations use analytical inputs, not these reference cells."
"CELL_0664","reported_table_cell","Table 1 61857 Inner_Bay","11","11","0","PASS","audit/reported_table_cells.csv","Audited reporting cells; author-approved 2008 correction. Calculations use analytical inputs, not these reference cells."
"CELL_0665","reported_table_cell","Table 1 61857 Outer_Bay","0","0","0","PASS","audit/reported_table_cells.csv","Audited reporting cells; author-approved 2008 correction. Calculations use analytical inputs, not these reference cells."
"CELL_0666","reported_table_cell","Table 1 61857 all_SoBI","0","0","0","PASS","audit/reported_table_cells.csv","Audited reporting cells; author-approved 2008 correction. Calculations use analytical inputs, not these reference cells."
"CELL_0667","reported_table_cell","Table 1 61857 total_detections","251","251","0","PASS","audit/reported_table_cells.csv","Audited reporting cells; author-approved 2008 correction. Calculations use analytical inputs, not these reference cells."
"CELL_0668","reported_table_cell","Table 1 61857 release_Rx1_days",NA,NA,"0.500000000001","PASS","audit/reported_table_cells.csv","Audited reporting cells; author-approved 2008 correction. Calculations use analytical inputs, not these reference cells."
"CELL_0669","reported_table_cell","Table 1 61857 release_HoT_days","2.27","2.267916666666667","0.005000000001","PASS","audit/reported_table_cells.csv","Audited reporting cells; author-approved 2008 correction. Calculations use analytical inputs, not these reference cells."
"CELL_0670","reported_table_cell","Table 1 61857 HoT_inner_days","9.33","9.329317129629629","0.005000000001","PASS","audit/reported_table_cells.csv","Audited reporting cells; author-approved 2008 correction. Calculations use analytical inputs, not these reference cells."
"CELL_0671","reported_table_cell","Table 1 61857 HoT_outer_days",NA,NA,"0.500000000001","PASS","audit/reported_table_cells.csv","Audited reporting cells; author-approved 2008 correction. Calculations use analytical inputs, not these reference cells."
"CELL_0672","reported_table_cell","Table 1 61857 HoT_SoBI_days",NA,NA,"0.500000000001","PASS","audit/reported_table_cells.csv","Audited reporting cells; author-approved 2008 correction. Calculations use analytical inputs, not these reference cells."
"CELL_0673","reported_table_cell","Table 1 61858 fish_id","61858","61858","0","PASS","audit/reported_table_cells.csv","Audited reporting cells; author-approved 2008 correction. Calculations use analytical inputs, not these reference cells."
"CELL_0674","reported_table_cell","Table 1 61858 fork_length_mm","135","135","0","PASS","audit/reported_table_cells.csv","Audited reporting cells; author-approved 2008 correction. Calculations use analytical inputs, not these reference cells."
"CELL_0675","reported_table_cell","Table 1 61858 weight_g","19.3","19.3","0.050000000001","PASS","audit/reported_table_cells.csv","Audited reporting cells; author-approved 2008 correction. Calculations use analytical inputs, not these reference cells."
"CELL_0676","reported_table_cell","Table 1 61858 RP1","0","0","0","PASS","audit/reported_table_cells.csv","Audited reporting cells; author-approved 2008 correction. Calculations use analytical inputs, not these reference cells."
"CELL_0677","reported_table_cell","Table 1 61858 all_MM","0","0","0","PASS","audit/reported_table_cells.csv","Audited reporting cells; author-approved 2008 correction. Calculations use analytical inputs, not these reference cells."
"CELL_0678","reported_table_cell","Table 1 61858 Rx1","0","0","0","PASS","audit/reported_table_cells.csv","Audited reporting cells; author-approved 2008 correction. Calculations use analytical inputs, not these reference cells."
"CELL_0679","reported_table_cell","Table 1 61858 R1a","0","0","0","PASS","audit/reported_table_cells.csv","Audited reporting cells; author-approved 2008 correction. Calculations use analytical inputs, not these reference cells."
"CELL_0680","reported_table_cell","Table 1 61858 R1b","0","0","0","PASS","audit/reported_table_cells.csv","Audited reporting cells; author-approved 2008 correction. Calculations use analytical inputs, not these reference cells."
"CELL_0681","reported_table_cell","Table 1 61858 R2a","0","0","0","PASS","audit/reported_table_cells.csv","Audited reporting cells; author-approved 2008 correction. Calculations use analytical inputs, not these reference cells."
"CELL_0682","reported_table_cell","Table 1 61858 Rx2b","0","0","0","PASS","audit/reported_table_cells.csv","Audited reporting cells; author-approved 2008 correction. Calculations use analytical inputs, not these reference cells."
"CELL_0683","reported_table_cell","Table 1 61858 Rx2a","0","0","0","PASS","audit/reported_table_cells.csv","Audited reporting cells; author-approved 2008 correction. Calculations use analytical inputs, not these reference cells."
"CELL_0684","reported_table_cell","Table 1 61858 R2b","0","0","0","PASS","audit/reported_table_cells.csv","Audited reporting cells; author-approved 2008 correction. Calculations use analytical inputs, not these reference cells."
"CELL_0685","reported_table_cell","Table 1 61858 R3a","0","0","0","PASS","audit/reported_table_cells.csv","Audited reporting cells; author-approved 2008 correction. Calculations use analytical inputs, not these reference cells."
"CELL_0686","reported_table_cell","Table 1 61858 R3b","0","0","0","PASS","audit/reported_table_cells.csv","Audited reporting cells; author-approved 2008 correction. Calculations use analytical inputs, not these reference cells."
"CELL_0687","reported_table_cell","Table 1 61858 HoT","5","5","0","PASS","audit/reported_table_cells.csv","Audited reporting cells; author-approved 2008 correction. Calculations use analytical inputs, not these reference cells."
"CELL_0688","reported_table_cell","Table 1 61858 Inner_Bay","0","0","0","PASS","audit/reported_table_cells.csv","Audited reporting cells; author-approved 2008 correction. Calculations use analytical inputs, not these reference cells."
"CELL_0689","reported_table_cell","Table 1 61858 Outer_Bay","26","26","0","PASS","audit/reported_table_cells.csv","Audited reporting cells; author-approved 2008 correction. Calculations use analytical inputs, not these reference cells."
"CELL_0690","reported_table_cell","Table 1 61858 all_SoBI","0","0","0","PASS","audit/reported_table_cells.csv","Audited reporting cells; author-approved 2008 correction. Calculations use analytical inputs, not these reference cells."
"CELL_0691","reported_table_cell","Table 1 61858 total_detections","31","31","0","PASS","audit/reported_table_cells.csv","Audited reporting cells; author-approved 2008 correction. Calculations use analytical inputs, not these reference cells."
"CELL_0692","reported_table_cell","Table 1 61858 release_Rx1_days",NA,NA,"0.500000000001","PASS","audit/reported_table_cells.csv","Audited reporting cells; author-approved 2008 correction. Calculations use analytical inputs, not these reference cells."
"CELL_0693","reported_table_cell","Table 1 61858 release_HoT_days","2.86","2.855034722222222","0.005000000001","PASS","audit/reported_table_cells.csv","Audited reporting cells; author-approved 2008 correction. Calculations use analytical inputs, not these reference cells."
"CELL_0694","reported_table_cell","Table 1 61858 HoT_inner_days",NA,NA,"0.500000000001","PASS","audit/reported_table_cells.csv","Audited reporting cells; author-approved 2008 correction. Calculations use analytical inputs, not these reference cells."
"CELL_0695","reported_table_cell","Table 1 61858 HoT_outer_days","5.47","5.473622685185185","0.005000000001","PASS","audit/reported_table_cells.csv","Audited reporting cells; author-approved 2008 correction. Calculations use analytical inputs, not these reference cells."
"CELL_0696","reported_table_cell","Table 1 61858 HoT_SoBI_days",NA,NA,"0.500000000001","PASS","audit/reported_table_cells.csv","Audited reporting cells; author-approved 2008 correction. Calculations use analytical inputs, not these reference cells."
"CELL_0697","reported_table_cell","Table 1 61859 fish_id","61859","61859","0","PASS","audit/reported_table_cells.csv","Audited reporting cells; author-approved 2008 correction. Calculations use analytical inputs, not these reference cells."
"CELL_0698","reported_table_cell","Table 1 61859 fork_length_mm","160","160","0","PASS","audit/reported_table_cells.csv","Audited reporting cells; author-approved 2008 correction. Calculations use analytical inputs, not these reference cells."
"CELL_0699","reported_table_cell","Table 1 61859 weight_g","37.3","37.3","0.050000000001","PASS","audit/reported_table_cells.csv","Audited reporting cells; author-approved 2008 correction. Calculations use analytical inputs, not these reference cells."
"CELL_0700","reported_table_cell","Table 1 61859 RP1","0","0","0","PASS","audit/reported_table_cells.csv","Audited reporting cells; author-approved 2008 correction. Calculations use analytical inputs, not these reference cells."
"CELL_0701","reported_table_cell","Table 1 61859 all_MM","5","5","0","PASS","audit/reported_table_cells.csv","Audited reporting cells; author-approved 2008 correction. Calculations use analytical inputs, not these reference cells."
"CELL_0702","reported_table_cell","Table 1 61859 Rx1","0","0","0","PASS","audit/reported_table_cells.csv","Audited reporting cells; author-approved 2008 correction. Calculations use analytical inputs, not these reference cells."
"CELL_0703","reported_table_cell","Table 1 61859 R1a","0","0","0","PASS","audit/reported_table_cells.csv","Audited reporting cells; author-approved 2008 correction. Calculations use analytical inputs, not these reference cells."
"CELL_0704","reported_table_cell","Table 1 61859 R1b","0","0","0","PASS","audit/reported_table_cells.csv","Audited reporting cells; author-approved 2008 correction. Calculations use analytical inputs, not these reference cells."
"CELL_0705","reported_table_cell","Table 1 61859 R2a","0","0","0","PASS","audit/reported_table_cells.csv","Audited reporting cells; author-approved 2008 correction. Calculations use analytical inputs, not these reference cells."
"CELL_0706","reported_table_cell","Table 1 61859 Rx2b","0","0","0","PASS","audit/reported_table_cells.csv","Audited reporting cells; author-approved 2008 correction. Calculations use analytical inputs, not these reference cells."
"CELL_0707","reported_table_cell","Table 1 61859 Rx2a","0","0","0","PASS","audit/reported_table_cells.csv","Audited reporting cells; author-approved 2008 correction. Calculations use analytical inputs, not these reference cells."
"CELL_0708","reported_table_cell","Table 1 61859 R2b","0","0","0","PASS","audit/reported_table_cells.csv","Audited reporting cells; author-approved 2008 correction. Calculations use analytical inputs, not these reference cells."
"CELL_0709","reported_table_cell","Table 1 61859 R3a","0","0","0","PASS","audit/reported_table_cells.csv","Audited reporting cells; author-approved 2008 correction. Calculations use analytical inputs, not these reference cells."
"CELL_0710","reported_table_cell","Table 1 61859 R3b","0","0","0","PASS","audit/reported_table_cells.csv","Audited reporting cells; author-approved 2008 correction. Calculations use analytical inputs, not these reference cells."
"CELL_0711","reported_table_cell","Table 1 61859 HoT","9","9","0","PASS","audit/reported_table_cells.csv","Audited reporting cells; author-approved 2008 correction. Calculations use analytical inputs, not these reference cells."
"CELL_0712","reported_table_cell","Table 1 61859 Inner_Bay","2","2","0","PASS","audit/reported_table_cells.csv","Audited reporting cells; author-approved 2008 correction. Calculations use analytical inputs, not these reference cells."
"CELL_0713","reported_table_cell","Table 1 61859 Outer_Bay","19","19","0","PASS","audit/reported_table_cells.csv","Audited reporting cells; author-approved 2008 correction. Calculations use analytical inputs, not these reference cells."
"CELL_0714","reported_table_cell","Table 1 61859 all_SoBI","0","0","0","PASS","audit/reported_table_cells.csv","Audited reporting cells; author-approved 2008 correction. Calculations use analytical inputs, not these reference cells."
"CELL_0715","reported_table_cell","Table 1 61859 total_detections","35","35","0","PASS","audit/reported_table_cells.csv","Audited reporting cells; author-approved 2008 correction. Calculations use analytical inputs, not these reference cells."
"CELL_0716","reported_table_cell","Table 1 61859 release_Rx1_days",NA,NA,"0.500000000001","PASS","audit/reported_table_cells.csv","Audited reporting cells; author-approved 2008 correction. Calculations use analytical inputs, not these reference cells."
"CELL_0717","reported_table_cell","Table 1 61859 release_HoT_days","2.24","2.243356481481482","0.005000000001","PASS","audit/reported_table_cells.csv","Audited reporting cells; author-approved 2008 correction. Calculations use analytical inputs, not these reference cells."
"CELL_0718","reported_table_cell","Table 1 61859 HoT_inner_days","1.38","1.383784722222222","0.005000000001","PASS","audit/reported_table_cells.csv","Audited reporting cells; author-approved 2008 correction. Calculations use analytical inputs, not these reference cells."
"CELL_0719","reported_table_cell","Table 1 61859 HoT_outer_days","4","3.997650462962963","0.005000000001","PASS","audit/reported_table_cells.csv","Audited reporting cells; author-approved 2008 correction. Calculations use analytical inputs, not these reference cells."
"CELL_0720","reported_table_cell","Table 1 61859 HoT_SoBI_days",NA,NA,"0.500000000001","PASS","audit/reported_table_cells.csv","Audited reporting cells; author-approved 2008 correction. Calculations use analytical inputs, not these reference cells."
"CELL_0721","reported_table_cell","Table 1 61860 fish_id","61860","61860","0","PASS","audit/reported_table_cells.csv","Audited reporting cells; author-approved 2008 correction. Calculations use analytical inputs, not these reference cells."
"CELL_0722","reported_table_cell","Table 1 61860 fork_length_mm","155","155","0","PASS","audit/reported_table_cells.csv","Audited reporting cells; author-approved 2008 correction. Calculations use analytical inputs, not these reference cells."
"CELL_0723","reported_table_cell","Table 1 61860 weight_g","31.3","31.3","0.050000000001","PASS","audit/reported_table_cells.csv","Audited reporting cells; author-approved 2008 correction. Calculations use analytical inputs, not these reference cells."
"CELL_0724","reported_table_cell","Table 1 61860 RP1","0","0","0","PASS","audit/reported_table_cells.csv","Audited reporting cells; author-approved 2008 correction. Calculations use analytical inputs, not these reference cells."
"CELL_0725","reported_table_cell","Table 1 61860 all_MM","0","0","0","PASS","audit/reported_table_cells.csv","Audited reporting cells; author-approved 2008 correction. Calculations use analytical inputs, not these reference cells."
"CELL_0726","reported_table_cell","Table 1 61860 Rx1","0","0","0","PASS","audit/reported_table_cells.csv","Audited reporting cells; author-approved 2008 correction. Calculations use analytical inputs, not these reference cells."
"CELL_0727","reported_table_cell","Table 1 61860 R1a","0","0","0","PASS","audit/reported_table_cells.csv","Audited reporting cells; author-approved 2008 correction. Calculations use analytical inputs, not these reference cells."
"CELL_0728","reported_table_cell","Table 1 61860 R1b","0","0","0","PASS","audit/reported_table_cells.csv","Audited reporting cells; author-approved 2008 correction. Calculations use analytical inputs, not these reference cells."
"CELL_0729","reported_table_cell","Table 1 61860 R2a","0","0","0","PASS","audit/reported_table_cells.csv","Audited reporting cells; author-approved 2008 correction. Calculations use analytical inputs, not these reference cells."
"CELL_0730","reported_table_cell","Table 1 61860 Rx2b","0","0","0","PASS","audit/reported_table_cells.csv","Audited reporting cells; author-approved 2008 correction. Calculations use analytical inputs, not these reference cells."
"CELL_0731","reported_table_cell","Table 1 61860 Rx2a","0","0","0","PASS","audit/reported_table_cells.csv","Audited reporting cells; author-approved 2008 correction. Calculations use analytical inputs, not these reference cells."
"CELL_0732","reported_table_cell","Table 1 61860 R2b","0","0","0","PASS","audit/reported_table_cells.csv","Audited reporting cells; author-approved 2008 correction. Calculations use analytical inputs, not these reference cells."
"CELL_0733","reported_table_cell","Table 1 61860 R3a","0","0","0","PASS","audit/reported_table_cells.csv","Audited reporting cells; author-approved 2008 correction. Calculations use analytical inputs, not these reference cells."
"CELL_0734","reported_table_cell","Table 1 61860 R3b","0","0","0","PASS","audit/reported_table_cells.csv","Audited reporting cells; author-approved 2008 correction. Calculations use analytical inputs, not these reference cells."
"CELL_0735","reported_table_cell","Table 1 61860 HoT","144","144","0","PASS","audit/reported_table_cells.csv","Audited reporting cells; author-approved 2008 correction. Calculations use analytical inputs, not these reference cells."
"CELL_0736","reported_table_cell","Table 1 61860 Inner_Bay","23","23","0","PASS","audit/reported_table_cells.csv","Audited reporting cells; author-approved 2008 correction. Calculations use analytical inputs, not these reference cells."
"CELL_0737","reported_table_cell","Table 1 61860 Outer_Bay","52","52","0","PASS","audit/reported_table_cells.csv","Audited reporting cells; author-approved 2008 correction. Calculations use analytical inputs, not these reference cells."
"CELL_0738","reported_table_cell","Table 1 61860 all_SoBI","0","0","0","PASS","audit/reported_table_cells.csv","Audited reporting cells; author-approved 2008 correction. Calculations use analytical inputs, not these reference cells."
"CELL_0739","reported_table_cell","Table 1 61860 total_detections","219","219","0","PASS","audit/reported_table_cells.csv","Audited reporting cells; author-approved 2008 correction. Calculations use analytical inputs, not these reference cells."
"CELL_0740","reported_table_cell","Table 1 61860 release_Rx1_days",NA,NA,"0.500000000001","PASS","audit/reported_table_cells.csv","Audited reporting cells; author-approved 2008 correction. Calculations use analytical inputs, not these reference cells."
"CELL_0741","reported_table_cell","Table 1 61860 release_HoT_days","7.35","7.346655092592592","0.005000000001","PASS","audit/reported_table_cells.csv","Audited reporting cells; author-approved 2008 correction. Calculations use analytical inputs, not these reference cells."
"CELL_0742","reported_table_cell","Table 1 61860 HoT_inner_days","1.52","1.519930555555556","0.005000000001","PASS","audit/reported_table_cells.csv","Audited reporting cells; author-approved 2008 correction. Calculations use analytical inputs, not these reference cells."
"CELL_0743","reported_table_cell","Table 1 61860 HoT_outer_days","6.89","6.887152777777778","0.005000000001","PASS","audit/reported_table_cells.csv","Audited reporting cells; author-approved 2008 correction. Calculations use analytical inputs, not these reference cells."
"CELL_0744","reported_table_cell","Table 1 61860 HoT_SoBI_days",NA,NA,"0.500000000001","PASS","audit/reported_table_cells.csv","Audited reporting cells; author-approved 2008 correction. Calculations use analytical inputs, not these reference cells."
"CELL_0745","reported_table_cell","Table 1 61861 fish_id","61861","61861","0","PASS","audit/reported_table_cells.csv","Audited reporting cells; author-approved 2008 correction. Calculations use analytical inputs, not these reference cells."
"CELL_0746","reported_table_cell","Table 1 61861 fork_length_mm","140","140","0","PASS","audit/reported_table_cells.csv","Audited reporting cells; author-approved 2008 correction. Calculations use analytical inputs, not these reference cells."
"CELL_0747","reported_table_cell","Table 1 61861 weight_g","24.2","24.2","0.050000000001","PASS","audit/reported_table_cells.csv","Audited reporting cells; author-approved 2008 correction. Calculations use analytical inputs, not these reference cells."
"CELL_0748","reported_table_cell","Table 1 61861 RP1","0","0","0","PASS","audit/reported_table_cells.csv","Audited reporting cells; author-approved 2008 correction. Calculations use analytical inputs, not these reference cells."
"CELL_0749","reported_table_cell","Table 1 61861 all_MM","0","0","0","PASS","audit/reported_table_cells.csv","Audited reporting cells; author-approved 2008 correction. Calculations use analytical inputs, not these reference cells."
"CELL_0750","reported_table_cell","Table 1 61861 Rx1","0","0","0","PASS","audit/reported_table_cells.csv","Audited reporting cells; author-approved 2008 correction. Calculations use analytical inputs, not these reference cells."
"CELL_0751","reported_table_cell","Table 1 61861 R1a","0","0","0","PASS","audit/reported_table_cells.csv","Audited reporting cells; author-approved 2008 correction. Calculations use analytical inputs, not these reference cells."
"CELL_0752","reported_table_cell","Table 1 61861 R1b","0","0","0","PASS","audit/reported_table_cells.csv","Audited reporting cells; author-approved 2008 correction. Calculations use analytical inputs, not these reference cells."
"CELL_0753","reported_table_cell","Table 1 61861 R2a","0","0","0","PASS","audit/reported_table_cells.csv","Audited reporting cells; author-approved 2008 correction. Calculations use analytical inputs, not these reference cells."
"CELL_0754","reported_table_cell","Table 1 61861 Rx2b","1","1","0","PASS","audit/reported_table_cells.csv","Audited reporting cells; author-approved 2008 correction. Calculations use analytical inputs, not these reference cells."
"CELL_0755","reported_table_cell","Table 1 61861 Rx2a","0","0","0","PASS","audit/reported_table_cells.csv","Audited reporting cells; author-approved 2008 correction. Calculations use analytical inputs, not these reference cells."
"CELL_0756","reported_table_cell","Table 1 61861 R2b","0","0","0","PASS","audit/reported_table_cells.csv","Audited reporting cells; author-approved 2008 correction. Calculations use analytical inputs, not these reference cells."
"CELL_0757","reported_table_cell","Table 1 61861 R3a","0","0","0","PASS","audit/reported_table_cells.csv","Audited reporting cells; author-approved 2008 correction. Calculations use analytical inputs, not these reference cells."
"CELL_0758","reported_table_cell","Table 1 61861 R3b","0","0","0","PASS","audit/reported_table_cells.csv","Audited reporting cells; author-approved 2008 correction. Calculations use analytical inputs, not these reference cells."
"CELL_0759","reported_table_cell","Table 1 61861 HoT","22","22","0","PASS","audit/reported_table_cells.csv","Audited reporting cells; author-approved 2008 correction. Calculations use analytical inputs, not these reference cells."
"CELL_0760","reported_table_cell","Table 1 61861 Inner_Bay","12","12","0","PASS","audit/reported_table_cells.csv","Audited reporting cells; author-approved 2008 correction. Calculations use analytical inputs, not these reference cells."
"CELL_0761","reported_table_cell","Table 1 61861 Outer_Bay","12","12","0","PASS","audit/reported_table_cells.csv","Audited reporting cells; author-approved 2008 correction. Calculations use analytical inputs, not these reference cells."
"CELL_0762","reported_table_cell","Table 1 61861 all_SoBI","17","17","0","PASS","audit/reported_table_cells.csv","Audited reporting cells; author-approved 2008 correction. Calculations use analytical inputs, not these reference cells."
"CELL_0763","reported_table_cell","Table 1 61861 total_detections","64","64","0","PASS","audit/reported_table_cells.csv","Audited reporting cells; author-approved 2008 correction. Calculations use analytical inputs, not these reference cells."
"CELL_0764","reported_table_cell","Table 1 61861 release_Rx1_days",NA,NA,"0.500000000001","PASS","audit/reported_table_cells.csv","Audited reporting cells; author-approved 2008 correction. Calculations use analytical inputs, not these reference cells."
"CELL_0765","reported_table_cell","Table 1 61861 release_HoT_days","2.25","2.250567129629629","0.005000000001","PASS","audit/reported_table_cells.csv","Audited reporting cells; author-approved 2008 correction. Calculations use analytical inputs, not these reference cells."
"CELL_0766","reported_table_cell","Table 1 61861 HoT_inner_days","1.01","1.014409722222222","0.005000000001","PASS","audit/reported_table_cells.csv","Audited reporting cells; author-approved 2008 correction. Calculations use analytical inputs, not these reference cells."
"CELL_0767","reported_table_cell","Table 1 61861 HoT_outer_days","4.92","4.920358796296297","0.005000000001","PASS","audit/reported_table_cells.csv","Audited reporting cells; author-approved 2008 correction. Calculations use analytical inputs, not these reference cells."
"CELL_0768","reported_table_cell","Table 1 61861 HoT_SoBI_days","53.3","53.30288194444444","0.005000000001","PASS","audit/reported_table_cells.csv","Audited reporting cells; author-approved 2008 correction. Calculations use analytical inputs, not these reference cells."
"CELL_0769","reported_table_cell","Table 1 61870 fish_id","61870","61870","0","PASS","audit/reported_table_cells.csv","Audited reporting cells; author-approved 2008 correction. Calculations use analytical inputs, not these reference cells."
"CELL_0770","reported_table_cell","Table 1 61870 fork_length_mm","145","145","0","PASS","audit/reported_table_cells.csv","Audited reporting cells; author-approved 2008 correction. Calculations use analytical inputs, not these reference cells."
"CELL_0771","reported_table_cell","Table 1 61870 weight_g","25.3","25.3","0.050000000001","PASS","audit/reported_table_cells.csv","Audited reporting cells; author-approved 2008 correction. Calculations use analytical inputs, not these reference cells."
"CELL_0772","reported_table_cell","Table 1 61870 RP1","0","0","0","PASS","audit/reported_table_cells.csv","Audited reporting cells; author-approved 2008 correction. Calculations use analytical inputs, not these reference cells."
"CELL_0773","reported_table_cell","Table 1 61870 all_MM","3","3","0","PASS","audit/reported_table_cells.csv","Audited reporting cells; author-approved 2008 correction. Calculations use analytical inputs, not these reference cells."
"CELL_0774","reported_table_cell","Table 1 61870 Rx1","0","0","0","PASS","audit/reported_table_cells.csv","Audited reporting cells; author-approved 2008 correction. Calculations use analytical inputs, not these reference cells."
"CELL_0775","reported_table_cell","Table 1 61870 R1a","0","0","0","PASS","audit/reported_table_cells.csv","Audited reporting cells; author-approved 2008 correction. Calculations use analytical inputs, not these reference cells."
"CELL_0776","reported_table_cell","Table 1 61870 R1b","0","0","0","PASS","audit/reported_table_cells.csv","Audited reporting cells; author-approved 2008 correction. Calculations use analytical inputs, not these reference cells."
"CELL_0777","reported_table_cell","Table 1 61870 R2a","0","0","0","PASS","audit/reported_table_cells.csv","Audited reporting cells; author-approved 2008 correction. Calculations use analytical inputs, not these reference cells."
"CELL_0778","reported_table_cell","Table 1 61870 Rx2b","1","1","0","PASS","audit/reported_table_cells.csv","Audited reporting cells; author-approved 2008 correction. Calculations use analytical inputs, not these reference cells."
"CELL_0779","reported_table_cell","Table 1 61870 Rx2a","0","0","0","PASS","audit/reported_table_cells.csv","Audited reporting cells; author-approved 2008 correction. Calculations use analytical inputs, not these reference cells."
"CELL_0780","reported_table_cell","Table 1 61870 R2b","0","0","0","PASS","audit/reported_table_cells.csv","Audited reporting cells; author-approved 2008 correction. Calculations use analytical inputs, not these reference cells."
"CELL_0781","reported_table_cell","Table 1 61870 R3a","0","0","0","PASS","audit/reported_table_cells.csv","Audited reporting cells; author-approved 2008 correction. Calculations use analytical inputs, not these reference cells."
"CELL_0782","reported_table_cell","Table 1 61870 R3b","0","0","0","PASS","audit/reported_table_cells.csv","Audited reporting cells; author-approved 2008 correction. Calculations use analytical inputs, not these reference cells."
"CELL_0783","reported_table_cell","Table 1 61870 HoT","7","7","0","PASS","audit/reported_table_cells.csv","Audited reporting cells; author-approved 2008 correction. Calculations use analytical inputs, not these reference cells."
"CELL_0784","reported_table_cell","Table 1 61870 Inner_Bay","11","11","0","PASS","audit/reported_table_cells.csv","Audited reporting cells; author-approved 2008 correction. Calculations use analytical inputs, not these reference cells."
"CELL_0785","reported_table_cell","Table 1 61870 Outer_Bay","0","0","0","PASS","audit/reported_table_cells.csv","Audited reporting cells; author-approved 2008 correction. Calculations use analytical inputs, not these reference cells."
"CELL_0786","reported_table_cell","Table 1 61870 all_SoBI","0","0","0","PASS","audit/reported_table_cells.csv","Audited reporting cells; author-approved 2008 correction. Calculations use analytical inputs, not these reference cells."
"CELL_0787","reported_table_cell","Table 1 61870 total_detections","22","22","0","PASS","audit/reported_table_cells.csv","Audited reporting cells; author-approved 2008 correction. Calculations use analytical inputs, not these reference cells."
"CELL_0788","reported_table_cell","Table 1 61870 release_Rx1_days",NA,NA,"0.500000000001","PASS","audit/reported_table_cells.csv","Audited reporting cells; author-approved 2008 correction. Calculations use analytical inputs, not these reference cells."
"CELL_0789","reported_table_cell","Table 1 61870 release_HoT_days","2.77","2.772349537037037","0.005000000001","PASS","audit/reported_table_cells.csv","Audited reporting cells; author-approved 2008 correction. Calculations use analytical inputs, not these reference cells."
"CELL_0790","reported_table_cell","Table 1 61870 HoT_inner_days","0.82","0.8216319444444444","0.005000000001","PASS","audit/reported_table_cells.csv","Audited reporting cells; author-approved 2008 correction. Calculations use analytical inputs, not these reference cells."
"CELL_0791","reported_table_cell","Table 1 61870 HoT_outer_days",NA,NA,"0.500000000001","PASS","audit/reported_table_cells.csv","Audited reporting cells; author-approved 2008 correction. Calculations use analytical inputs, not these reference cells."
"CELL_0792","reported_table_cell","Table 1 61870 HoT_SoBI_days",NA,NA,"0.500000000001","PASS","audit/reported_table_cells.csv","Audited reporting cells; author-approved 2008 correction. Calculations use analytical inputs, not these reference cells."
"CELL_0793","reported_table_cell","Table 1 61898 fish_id","61898","61898","0","PASS","audit/reported_table_cells.csv","Audited reporting cells; author-approved 2008 correction. Calculations use analytical inputs, not these reference cells."
"CELL_0794","reported_table_cell","Table 1 61898 fork_length_mm","149","149","0","PASS","audit/reported_table_cells.csv","Audited reporting cells; author-approved 2008 correction. Calculations use analytical inputs, not these reference cells."
"CELL_0795","reported_table_cell","Table 1 61898 weight_g","27.8","27.8","0.050000000001","PASS","audit/reported_table_cells.csv","Audited reporting cells; author-approved 2008 correction. Calculations use analytical inputs, not these reference cells."
"CELL_0796","reported_table_cell","Table 1 61898 RP1","2","2","0","PASS","audit/reported_table_cells.csv","Audited reporting cells; author-approved 2008 correction. Calculations use analytical inputs, not these reference cells."
"CELL_0797","reported_table_cell","Table 1 61898 all_MM","10","10","0","PASS","audit/reported_table_cells.csv","Audited reporting cells; author-approved 2008 correction. Calculations use analytical inputs, not these reference cells."
"CELL_0798","reported_table_cell","Table 1 61898 Rx1","2","2","0","PASS","audit/reported_table_cells.csv","Audited reporting cells; author-approved 2008 correction. Calculations use analytical inputs, not these reference cells."
"CELL_0799","reported_table_cell","Table 1 61898 R1a","0","0","0","PASS","audit/reported_table_cells.csv","Audited reporting cells; author-approved 2008 correction. Calculations use analytical inputs, not these reference cells."
"CELL_0800","reported_table_cell","Table 1 61898 R1b","8","8","0","PASS","audit/reported_table_cells.csv","Audited reporting cells; author-approved 2008 correction. Calculations use analytical inputs, not these reference cells."
"CELL_0801","reported_table_cell","Table 1 61898 R2a","0","0","0","PASS","audit/reported_table_cells.csv","Audited reporting cells; author-approved 2008 correction. Calculations use analytical inputs, not these reference cells."
"CELL_0802","reported_table_cell","Table 1 61898 Rx2b","217","217","0","PASS","audit/reported_table_cells.csv","Audited reporting cells; author-approved 2008 correction. Calculations use analytical inputs, not these reference cells."
"CELL_0803","reported_table_cell","Table 1 61898 Rx2a","0","0","0","PASS","audit/reported_table_cells.csv","Audited reporting cells; author-approved 2008 correction. Calculations use analytical inputs, not these reference cells."
"CELL_0804","reported_table_cell","Table 1 61898 R2b","2","2","0","PASS","audit/reported_table_cells.csv","Audited reporting cells; author-approved 2008 correction. Calculations use analytical inputs, not these reference cells."
"CELL_0805","reported_table_cell","Table 1 61898 R3a","0","0","0","PASS","audit/reported_table_cells.csv","Audited reporting cells; author-approved 2008 correction. Calculations use analytical inputs, not these reference cells."
"CELL_0806","reported_table_cell","Table 1 61898 R3b","1","1","0","PASS","audit/reported_table_cells.csv","Audited reporting cells; author-approved 2008 correction. Calculations use analytical inputs, not these reference cells."
"CELL_0807","reported_table_cell","Table 1 61898 HoT","11","11","0","PASS","audit/reported_table_cells.csv","Audited reporting cells; author-approved 2008 correction. Calculations use analytical inputs, not these reference cells."
"CELL_0808","reported_table_cell","Table 1 61898 Inner_Bay","1","1","0","PASS","audit/reported_table_cells.csv","Audited reporting cells; author-approved 2008 correction. Calculations use analytical inputs, not these reference cells."
"CELL_0809","reported_table_cell","Table 1 61898 Outer_Bay","311","311","0","PASS","audit/reported_table_cells.csv","Audited reporting cells; author-approved 2008 correction. Calculations use analytical inputs, not these reference cells."
"CELL_0810","reported_table_cell","Table 1 61898 all_SoBI","0","0","0","PASS","audit/reported_table_cells.csv","Audited reporting cells; author-approved 2008 correction. Calculations use analytical inputs, not these reference cells."
"CELL_0811","reported_table_cell","Table 1 61898 total_detections","565","565","0","PASS","audit/reported_table_cells.csv","Audited reporting cells; author-approved 2008 correction. Calculations use analytical inputs, not these reference cells."
"CELL_0812","reported_table_cell","Table 1 61898 release_Rx1_days","1.42","1.424479166666667","0.005000000001","PASS","audit/reported_table_cells.csv","Audited reporting cells; author-approved 2008 correction. Calculations use analytical inputs, not these reference cells."
"CELL_0813","reported_table_cell","Table 1 61898 release_HoT_days","3.9","3.8959375","0.005000000001","PASS","audit/reported_table_cells.csv","Audited reporting cells; author-approved 2008 correction. Calculations use analytical inputs, not these reference cells."
"CELL_0814","reported_table_cell","Table 1 61898 HoT_inner_days","1.74","1.735983796296296","0.005000000001","PASS","audit/reported_table_cells.csv","Audited reporting cells; author-approved 2008 correction. Calculations use analytical inputs, not these reference cells."
"CELL_0815","reported_table_cell","Table 1 61898 HoT_outer_days","6.29","6.290439814814815","0.005000000001","PASS","audit/reported_table_cells.csv","Audited reporting cells; author-approved 2008 correction. Calculations use analytical inputs, not these reference cells."
"CELL_0816","reported_table_cell","Table 1 61898 HoT_SoBI_days",NA,NA,"0.500000000001","PASS","audit/reported_table_cells.csv","Audited reporting cells; author-approved 2008 correction. Calculations use analytical inputs, not these reference cells."
"CELL_0817","reported_table_cell","Table 1 61899 fish_id","61899","61899","0","PASS","audit/reported_table_cells.csv","Audited reporting cells; author-approved 2008 correction. Calculations use analytical inputs, not these reference cells."
"CELL_0818","reported_table_cell","Table 1 61899 fork_length_mm","141","141","0","PASS","audit/reported_table_cells.csv","Audited reporting cells; author-approved 2008 correction. Calculations use analytical inputs, not these reference cells."
"CELL_0819","reported_table_cell","Table 1 61899 weight_g","23.9","23.9","0.050000000001","PASS","audit/reported_table_cells.csv","Audited reporting cells; author-approved 2008 correction. Calculations use analytical inputs, not these reference cells."
"CELL_0820","reported_table_cell","Table 1 61899 RP1","1","1","0","PASS","audit/reported_table_cells.csv","Audited reporting cells; author-approved 2008 correction. Calculations use analytical inputs, not these reference cells."
"CELL_0821","reported_table_cell","Table 1 61899 all_MM","11","11","0","PASS","audit/reported_table_cells.csv","Audited reporting cells; author-approved 2008 correction. Calculations use analytical inputs, not these reference cells."
"CELL_0822","reported_table_cell","Table 1 61899 Rx1","2","2","0","PASS","audit/reported_table_cells.csv","Audited reporting cells; author-approved 2008 correction. Calculations use analytical inputs, not these reference cells."
"CELL_0823","reported_table_cell","Table 1 61899 R1a","0","0","0","PASS","audit/reported_table_cells.csv","Audited reporting cells; author-approved 2008 correction. Calculations use analytical inputs, not these reference cells."
"CELL_0824","reported_table_cell","Table 1 61899 R1b","0","0","0","PASS","audit/reported_table_cells.csv","Audited reporting cells; author-approved 2008 correction. Calculations use analytical inputs, not these reference cells."
"CELL_0825","reported_table_cell","Table 1 61899 R2a","0","0","0","PASS","audit/reported_table_cells.csv","Audited reporting cells; author-approved 2008 correction. Calculations use analytical inputs, not these reference cells."
"CELL_0826","reported_table_cell","Table 1 61899 Rx2b","0","0","0","PASS","audit/reported_table_cells.csv","Audited reporting cells; author-approved 2008 correction. Calculations use analytical inputs, not these reference cells."
"CELL_0827","reported_table_cell","Table 1 61899 Rx2a","0","0","0","PASS","audit/reported_table_cells.csv","Audited reporting cells; author-approved 2008 correction. Calculations use analytical inputs, not these reference cells."
"CELL_0828","reported_table_cell","Table 1 61899 R2b","0","0","0","PASS","audit/reported_table_cells.csv","Audited reporting cells; author-approved 2008 correction. Calculations use analytical inputs, not these reference cells."
"CELL_0829","reported_table_cell","Table 1 61899 R3a","1","1","0","PASS","audit/reported_table_cells.csv","Audited reporting cells; author-approved 2008 correction. Calculations use analytical inputs, not these reference cells."
"CELL_0830","reported_table_cell","Table 1 61899 R3b","0","0","0","PASS","audit/reported_table_cells.csv","Audited reporting cells; author-approved 2008 correction. Calculations use analytical inputs, not these reference cells."
"CELL_0831","reported_table_cell","Table 1 61899 HoT","581","581","0","PASS","audit/reported_table_cells.csv","Audited reporting cells; author-approved 2008 correction. Calculations use analytical inputs, not these reference cells."
"CELL_0832","reported_table_cell","Table 1 61899 Inner_Bay","14","14","0","PASS","audit/reported_table_cells.csv","Audited reporting cells; author-approved 2008 correction. Calculations use analytical inputs, not these reference cells."
"CELL_0833","reported_table_cell","Table 1 61899 Outer_Bay","2","2","0","PASS","audit/reported_table_cells.csv","Audited reporting cells; author-approved 2008 correction. Calculations use analytical inputs, not these reference cells."
"CELL_0834","reported_table_cell","Table 1 61899 all_SoBI","6","6","0","PASS","audit/reported_table_cells.csv","Audited reporting cells; author-approved 2008 correction. Calculations use analytical inputs, not these reference cells."
"CELL_0835","reported_table_cell","Table 1 61899 total_detections","618","618","0","PASS","audit/reported_table_cells.csv","Audited reporting cells; author-approved 2008 correction. Calculations use analytical inputs, not these reference cells."
"CELL_0836","reported_table_cell","Table 1 61899 release_Rx1_days","2.37","2.366678240740741","0.005000000001","PASS","audit/reported_table_cells.csv","Audited reporting cells; author-approved 2008 correction. Calculations use analytical inputs, not these reference cells."
"CELL_0837","reported_table_cell","Table 1 61899 release_HoT_days","7.77","7.772743055555556","0.005000000001","PASS","audit/reported_table_cells.csv","Audited reporting cells; author-approved 2008 correction. Calculations use analytical inputs, not these reference cells."
"CELL_0838","reported_table_cell","Table 1 61899 HoT_inner_days","1.03","1.031134259259259","0.005000000001","PASS","audit/reported_table_cells.csv","Audited reporting cells; author-approved 2008 correction. Calculations use analytical inputs, not these reference cells."
"CELL_0839","reported_table_cell","Table 1 61899 HoT_outer_days","4.53","4.525474537037037","0.005000000001","PASS","audit/reported_table_cells.csv","Audited reporting cells; author-approved 2008 correction. Calculations use analytical inputs, not these reference cells."
"CELL_0840","reported_table_cell","Table 1 61899 HoT_SoBI_days","31.21","31.20921296296296","0.005000000001","PASS","audit/reported_table_cells.csv","Audited reporting cells; author-approved 2008 correction. Calculations use analytical inputs, not these reference cells."
"CELL_0841","reported_table_cell","Table 1 61900 fish_id","61900","61900","0","PASS","audit/reported_table_cells.csv","Audited reporting cells; author-approved 2008 correction. Calculations use analytical inputs, not these reference cells."
"CELL_0842","reported_table_cell","Table 1 61900 fork_length_mm","160","160","0","PASS","audit/reported_table_cells.csv","Audited reporting cells; author-approved 2008 correction. Calculations use analytical inputs, not these reference cells."
"CELL_0843","reported_table_cell","Table 1 61900 weight_g","36.7","36.7","0.050000000001","PASS","audit/reported_table_cells.csv","Audited reporting cells; author-approved 2008 correction. Calculations use analytical inputs, not these reference cells."
"CELL_0844","reported_table_cell","Table 1 61900 RP1","1","1","0","PASS","audit/reported_table_cells.csv","Audited reporting cells; author-approved 2008 correction. Calculations use analytical inputs, not these reference cells."
"CELL_0845","reported_table_cell","Table 1 61900 all_MM","11","11","0","PASS","audit/reported_table_cells.csv","Audited reporting cells; author-approved 2008 correction. Calculations use analytical inputs, not these reference cells."
"CELL_0846","reported_table_cell","Table 1 61900 Rx1","828","828","0","PASS","audit/reported_table_cells.csv","Audited reporting cells; author-approved 2008 correction. Calculations use analytical inputs, not these reference cells."
"CELL_0847","reported_table_cell","Table 1 61900 R1a","0","0","0","PASS","audit/reported_table_cells.csv","Audited reporting cells; author-approved 2008 correction. Calculations use analytical inputs, not these reference cells."
"CELL_0848","reported_table_cell","Table 1 61900 R1b","0","0","0","PASS","audit/reported_table_cells.csv","Audited reporting cells; author-approved 2008 correction. Calculations use analytical inputs, not these reference cells."
"CELL_0849","reported_table_cell","Table 1 61900 R2a","0","0","0","PASS","audit/reported_table_cells.csv","Audited reporting cells; author-approved 2008 correction. Calculations use analytical inputs, not these reference cells."
"CELL_0850","reported_table_cell","Table 1 61900 Rx2b","0","0","0","PASS","audit/reported_table_cells.csv","Audited reporting cells; author-approved 2008 correction. Calculations use analytical inputs, not these reference cells."
"CELL_0851","reported_table_cell","Table 1 61900 Rx2a","0","0","0","PASS","audit/reported_table_cells.csv","Audited reporting cells; author-approved 2008 correction. Calculations use analytical inputs, not these reference cells."
"CELL_0852","reported_table_cell","Table 1 61900 R2b","0","0","0","PASS","audit/reported_table_cells.csv","Audited reporting cells; author-approved 2008 correction. Calculations use analytical inputs, not these reference cells."
"CELL_0853","reported_table_cell","Table 1 61900 R3a","1","1","0","PASS","audit/reported_table_cells.csv","Audited reporting cells; author-approved 2008 correction. Calculations use analytical inputs, not these reference cells."
"CELL_0854","reported_table_cell","Table 1 61900 R3b","0","0","0","PASS","audit/reported_table_cells.csv","Audited reporting cells; author-approved 2008 correction. Calculations use analytical inputs, not these reference cells."
"CELL_0855","reported_table_cell","Table 1 61900 HoT","20","20","0","PASS","audit/reported_table_cells.csv","Audited reporting cells; author-approved 2008 correction. Calculations use analytical inputs, not these reference cells."
"CELL_0856","reported_table_cell","Table 1 61900 Inner_Bay","10","10","0","PASS","audit/reported_table_cells.csv","Audited reporting cells; author-approved 2008 correction. Calculations use analytical inputs, not these reference cells."
"CELL_0857","reported_table_cell","Table 1 61900 Outer_Bay","2","2","0","PASS","audit/reported_table_cells.csv","Audited reporting cells; author-approved 2008 correction. Calculations use analytical inputs, not these reference cells."
"CELL_0858","reported_table_cell","Table 1 61900 all_SoBI","10","10","0","PASS","audit/reported_table_cells.csv","Audited reporting cells; author-approved 2008 correction. Calculations use analytical inputs, not these reference cells."
"CELL_0859","reported_table_cell","Table 1 61900 total_detections","883","883","0","PASS","audit/reported_table_cells.csv","Audited reporting cells; author-approved 2008 correction. Calculations use analytical inputs, not these reference cells."
"CELL_0860","reported_table_cell","Table 1 61900 release_Rx1_days","1.41","1.412731481481482","0.005000000001","PASS","audit/reported_table_cells.csv","Audited reporting cells; author-approved 2008 correction. Calculations use analytical inputs, not these reference cells."
"CELL_0861","reported_table_cell","Table 1 61900 release_HoT_days","2.38","2.375324074074074","0.005000000001","PASS","audit/reported_table_cells.csv","Audited reporting cells; author-approved 2008 correction. Calculations use analytical inputs, not these reference cells."
"CELL_0862","reported_table_cell","Table 1 61900 HoT_inner_days","1.33","1.333125","0.005000000001","PASS","audit/reported_table_cells.csv","Audited reporting cells; author-approved 2008 correction. Calculations use analytical inputs, not these reference cells."
"CELL_0863","reported_table_cell","Table 1 61900 HoT_outer_days","3.73","3.732673611111111","0.005000000001","PASS","audit/reported_table_cells.csv","Audited reporting cells; author-approved 2008 correction. Calculations use analytical inputs, not these reference cells."
"CELL_0864","reported_table_cell","Table 1 61900 HoT_SoBI_days","33.48","33.47633101851852","0.005000000001","PASS","audit/reported_table_cells.csv","Audited reporting cells; author-approved 2008 correction. Calculations use analytical inputs, not these reference cells."
"CELL_0865","reported_table_cell","Table 1 61901 fish_id","61901","61901","0","PASS","audit/reported_table_cells.csv","Audited reporting cells; author-approved 2008 correction. Calculations use analytical inputs, not these reference cells."
"CELL_0866","reported_table_cell","Table 1 61901 fork_length_mm","141","141","0","PASS","audit/reported_table_cells.csv","Audited reporting cells; author-approved 2008 correction. Calculations use analytical inputs, not these reference cells."
"CELL_0867","reported_table_cell","Table 1 61901 weight_g","23.2","23.2","0.050000000001","PASS","audit/reported_table_cells.csv","Audited reporting cells; author-approved 2008 correction. Calculations use analytical inputs, not these reference cells."
"CELL_0868","reported_table_cell","Table 1 61901 RP1","0","0","0","PASS","audit/reported_table_cells.csv","Audited reporting cells; author-approved 2008 correction. Calculations use analytical inputs, not these reference cells."
"CELL_0869","reported_table_cell","Table 1 61901 all_MM","4","4","0","PASS","audit/reported_table_cells.csv","Audited reporting cells; author-approved 2008 correction. Calculations use analytical inputs, not these reference cells."
"CELL_0870","reported_table_cell","Table 1 61901 Rx1","1","1","0","PASS","audit/reported_table_cells.csv","Audited reporting cells; author-approved 2008 correction. Calculations use analytical inputs, not these reference cells."
"CELL_0871","reported_table_cell","Table 1 61901 R1a","0","0","0","PASS","audit/reported_table_cells.csv","Audited reporting cells; author-approved 2008 correction. Calculations use analytical inputs, not these reference cells."
"CELL_0872","reported_table_cell","Table 1 61901 R1b","0","0","0","PASS","audit/reported_table_cells.csv","Audited reporting cells; author-approved 2008 correction. Calculations use analytical inputs, not these reference cells."
"CELL_0873","reported_table_cell","Table 1 61901 R2a","0","0","0","PASS","audit/reported_table_cells.csv","Audited reporting cells; author-approved 2008 correction. Calculations use analytical inputs, not these reference cells."
"CELL_0874","reported_table_cell","Table 1 61901 Rx2b","0","0","0","PASS","audit/reported_table_cells.csv","Audited reporting cells; author-approved 2008 correction. Calculations use analytical inputs, not these reference cells."
"CELL_0875","reported_table_cell","Table 1 61901 Rx2a","0","0","0","PASS","audit/reported_table_cells.csv","Audited reporting cells; author-approved 2008 correction. Calculations use analytical inputs, not these reference cells."
"CELL_0876","reported_table_cell","Table 1 61901 R2b","0","0","0","PASS","audit/reported_table_cells.csv","Audited reporting cells; author-approved 2008 correction. Calculations use analytical inputs, not these reference cells."
"CELL_0877","reported_table_cell","Table 1 61901 R3a","2","2","0","PASS","audit/reported_table_cells.csv","Audited reporting cells; author-approved 2008 correction. Calculations use analytical inputs, not these reference cells."
"CELL_0878","reported_table_cell","Table 1 61901 R3b","0","0","0","PASS","audit/reported_table_cells.csv","Audited reporting cells; author-approved 2008 correction. Calculations use analytical inputs, not these reference cells."
"CELL_0879","reported_table_cell","Table 1 61901 HoT","1","1","0","PASS","audit/reported_table_cells.csv","Audited reporting cells; author-approved 2008 correction. Calculations use analytical inputs, not these reference cells."
"CELL_0880","reported_table_cell","Table 1 61901 Inner_Bay","7","7","0","PASS","audit/reported_table_cells.csv","Audited reporting cells; author-approved 2008 correction. Calculations use analytical inputs, not these reference cells."
"CELL_0881","reported_table_cell","Table 1 61901 Outer_Bay","16","16","0","PASS","audit/reported_table_cells.csv","Audited reporting cells; author-approved 2008 correction. Calculations use analytical inputs, not these reference cells."
"CELL_0882","reported_table_cell","Table 1 61901 all_SoBI","1","1","0","PASS","audit/reported_table_cells.csv","Audited reporting cells; author-approved 2008 correction. Calculations use analytical inputs, not these reference cells."
"CELL_0883","reported_table_cell","Table 1 61901 total_detections","32","32","0","PASS","audit/reported_table_cells.csv","Audited reporting cells; author-approved 2008 correction. Calculations use analytical inputs, not these reference cells."
"CELL_0884","reported_table_cell","Table 1 61901 release_Rx1_days","2.17","2.166805555555555","0.005000000001","PASS","audit/reported_table_cells.csv","Audited reporting cells; author-approved 2008 correction. Calculations use analytical inputs, not these reference cells."
"CELL_0885","reported_table_cell","Table 1 61901 release_HoT_days","3.54","3.536377314814815","0.005000000001","PASS","audit/reported_table_cells.csv","Audited reporting cells; author-approved 2008 correction. Calculations use analytical inputs, not these reference cells."
"CELL_0886","reported_table_cell","Table 1 61901 HoT_inner_days","1.97","1.965277777777778","0.005000000001","PASS","audit/reported_table_cells.csv","Audited reporting cells; author-approved 2008 correction. Calculations use analytical inputs, not these reference cells."
"CELL_0887","reported_table_cell","Table 1 61901 HoT_outer_days","4.46","4.456331018518519","0.005000000001","PASS","audit/reported_table_cells.csv","Audited reporting cells; author-approved 2008 correction. Calculations use analytical inputs, not these reference cells."
"CELL_0888","reported_table_cell","Table 1 61901 HoT_SoBI_days","36.32","36.32414351851852","0.005000000001","PASS","audit/reported_table_cells.csv","Audited reporting cells; author-approved 2008 correction. Calculations use analytical inputs, not these reference cells."
"CELL_0889","reported_table_cell","Table 1 61902 fish_id","61902","61902","0","PASS","audit/reported_table_cells.csv","Audited reporting cells; author-approved 2008 correction. Calculations use analytical inputs, not these reference cells."
"CELL_0890","reported_table_cell","Table 1 61902 fork_length_mm","139","139","0","PASS","audit/reported_table_cells.csv","Audited reporting cells; author-approved 2008 correction. Calculations use analytical inputs, not these reference cells."
"CELL_0891","reported_table_cell","Table 1 61902 weight_g","23.3","23.3","0.050000000001","PASS","audit/reported_table_cells.csv","Audited reporting cells; author-approved 2008 correction. Calculations use analytical inputs, not these reference cells."
"CELL_0892","reported_table_cell","Table 1 61902 RP1","1","1","0","PASS","audit/reported_table_cells.csv","Audited reporting cells; author-approved 2008 correction. Calculations use analytical inputs, not these reference cells."
"CELL_0893","reported_table_cell","Table 1 61902 all_MM","13","13","0","PASS","audit/reported_table_cells.csv","Audited reporting cells; author-approved 2008 correction. Calculations use analytical inputs, not these reference cells."
"CELL_0894","reported_table_cell","Table 1 61902 Rx1","3","3","0","PASS","audit/reported_table_cells.csv","Audited reporting cells; author-approved 2008 correction. Calculations use analytical inputs, not these reference cells."
"CELL_0895","reported_table_cell","Table 1 61902 R1a","0","0","0","PASS","audit/reported_table_cells.csv","Audited reporting cells; author-approved 2008 correction. Calculations use analytical inputs, not these reference cells."
"CELL_0896","reported_table_cell","Table 1 61902 R1b","0","0","0","PASS","audit/reported_table_cells.csv","Audited reporting cells; author-approved 2008 correction. Calculations use analytical inputs, not these reference cells."
"CELL_0897","reported_table_cell","Table 1 61902 R2a","0","0","0","PASS","audit/reported_table_cells.csv","Audited reporting cells; author-approved 2008 correction. Calculations use analytical inputs, not these reference cells."
"CELL_0898","reported_table_cell","Table 1 61902 Rx2b","0","0","0","PASS","audit/reported_table_cells.csv","Audited reporting cells; author-approved 2008 correction. Calculations use analytical inputs, not these reference cells."
"CELL_0899","reported_table_cell","Table 1 61902 Rx2a","0","0","0","PASS","audit/reported_table_cells.csv","Audited reporting cells; author-approved 2008 correction. Calculations use analytical inputs, not these reference cells."
"CELL_0900","reported_table_cell","Table 1 61902 R2b","0","0","0","PASS","audit/reported_table_cells.csv","Audited reporting cells; author-approved 2008 correction. Calculations use analytical inputs, not these reference cells."
"CELL_0901","reported_table_cell","Table 1 61902 R3a","1","1","0","PASS","audit/reported_table_cells.csv","Audited reporting cells; author-approved 2008 correction. Calculations use analytical inputs, not these reference cells."
"CELL_0902","reported_table_cell","Table 1 61902 R3b","0","0","0","PASS","audit/reported_table_cells.csv","Audited reporting cells; author-approved 2008 correction. Calculations use analytical inputs, not these reference cells."
"CELL_0903","reported_table_cell","Table 1 61902 HoT","23","23","0","PASS","audit/reported_table_cells.csv","Audited reporting cells; author-approved 2008 correction. Calculations use analytical inputs, not these reference cells."
"CELL_0904","reported_table_cell","Table 1 61902 Inner_Bay","2","2","0","PASS","audit/reported_table_cells.csv","Audited reporting cells; author-approved 2008 correction. Calculations use analytical inputs, not these reference cells."
"CELL_0905","reported_table_cell","Table 1 61902 Outer_Bay","9","9","0","PASS","audit/reported_table_cells.csv","Audited reporting cells; author-approved 2008 correction. Calculations use analytical inputs, not these reference cells."
"CELL_0906","reported_table_cell","Table 1 61902 all_SoBI","6","6","0","PASS","audit/reported_table_cells.csv","Audited reporting cells; author-approved 2008 correction. Calculations use analytical inputs, not these reference cells."
"CELL_0907","reported_table_cell","Table 1 61902 total_detections","58","58","0","PASS","audit/reported_table_cells.csv","Audited reporting cells; author-approved 2008 correction. Calculations use analytical inputs, not these reference cells."
"CELL_0908","reported_table_cell","Table 1 61902 release_Rx1_days","1.38","1.377280092592593","0.005000000001","PASS","audit/reported_table_cells.csv","Audited reporting cells; author-approved 2008 correction. Calculations use analytical inputs, not these reference cells."
"CELL_0909","reported_table_cell","Table 1 61902 release_HoT_days","2.42","2.41568287037037","0.005000000001","PASS","audit/reported_table_cells.csv","Audited reporting cells; author-approved 2008 correction. Calculations use analytical inputs, not these reference cells."
"CELL_0910","reported_table_cell","Table 1 61902 HoT_inner_days","1.11","1.114780092592593","0.005000000001","PASS","audit/reported_table_cells.csv","Audited reporting cells; author-approved 2008 correction. Calculations use analytical inputs, not these reference cells."
"CELL_0911","reported_table_cell","Table 1 61902 HoT_outer_days","3.3","3.299386574074074","0.005000000001","PASS","audit/reported_table_cells.csv","Audited reporting cells; author-approved 2008 correction. Calculations use analytical inputs, not these reference cells."
"CELL_0912","reported_table_cell","Table 1 61902 HoT_SoBI_days","39.73","39.73215277777778","0.005000000001","PASS","audit/reported_table_cells.csv","Audited reporting cells; author-approved 2008 correction. Calculations use analytical inputs, not these reference cells."
"CELL_0913","reported_table_cell","Table 1 61903 fish_id","61903","61903","0","PASS","audit/reported_table_cells.csv","Audited reporting cells; author-approved 2008 correction. Calculations use analytical inputs, not these reference cells."
"CELL_0914","reported_table_cell","Table 1 61903 fork_length_mm","148","148","0","PASS","audit/reported_table_cells.csv","Audited reporting cells; author-approved 2008 correction. Calculations use analytical inputs, not these reference cells."
"CELL_0915","reported_table_cell","Table 1 61903 weight_g","23.7","23.7","0.050000000001","PASS","audit/reported_table_cells.csv","Audited reporting cells; author-approved 2008 correction. Calculations use analytical inputs, not these reference cells."
"CELL_0916","reported_table_cell","Table 1 61903 RP1","1","1","0","PASS","audit/reported_table_cells.csv","Audited reporting cells; author-approved 2008 correction. Calculations use analytical inputs, not these reference cells."
"CELL_0917","reported_table_cell","Table 1 61903 all_MM","1","1","0","PASS","audit/reported_table_cells.csv","Audited reporting cells; author-approved 2008 correction. Calculations use analytical inputs, not these reference cells."
"CELL_0918","reported_table_cell","Table 1 61903 Rx1","0","0","0","PASS","audit/reported_table_cells.csv","Audited reporting cells; author-approved 2008 correction. Calculations use analytical inputs, not these reference cells."
"CELL_0919","reported_table_cell","Table 1 61903 R1a","0","0","0","PASS","audit/reported_table_cells.csv","Audited reporting cells; author-approved 2008 correction. Calculations use analytical inputs, not these reference cells."
"CELL_0920","reported_table_cell","Table 1 61903 R1b","0","0","0","PASS","audit/reported_table_cells.csv","Audited reporting cells; author-approved 2008 correction. Calculations use analytical inputs, not these reference cells."
"CELL_0921","reported_table_cell","Table 1 61903 R2a","0","0","0","PASS","audit/reported_table_cells.csv","Audited reporting cells; author-approved 2008 correction. Calculations use analytical inputs, not these reference cells."
"CELL_0922","reported_table_cell","Table 1 61903 Rx2b","0","0","0","PASS","audit/reported_table_cells.csv","Audited reporting cells; author-approved 2008 correction. Calculations use analytical inputs, not these reference cells."
"CELL_0923","reported_table_cell","Table 1 61903 Rx2a","3","3","0","PASS","audit/reported_table_cells.csv","Audited reporting cells; author-approved 2008 correction. Calculations use analytical inputs, not these reference cells."
"CELL_0924","reported_table_cell","Table 1 61903 R2b","0","0","0","PASS","audit/reported_table_cells.csv","Audited reporting cells; author-approved 2008 correction. Calculations use analytical inputs, not these reference cells."
"CELL_0925","reported_table_cell","Table 1 61903 R3a","2","2","0","PASS","audit/reported_table_cells.csv","Audited reporting cells; author-approved 2008 correction. Calculations use analytical inputs, not these reference cells."
"CELL_0926","reported_table_cell","Table 1 61903 R3b","0","0","0","PASS","audit/reported_table_cells.csv","Audited reporting cells; author-approved 2008 correction. Calculations use analytical inputs, not these reference cells."
"CELL_0927","reported_table_cell","Table 1 61903 HoT","14","14","0","PASS","audit/reported_table_cells.csv","Audited reporting cells; author-approved 2008 correction. Calculations use analytical inputs, not these reference cells."
"CELL_0928","reported_table_cell","Table 1 61903 Inner_Bay","0","0","0","PASS","audit/reported_table_cells.csv","Audited reporting cells; author-approved 2008 correction. Calculations use analytical inputs, not these reference cells."
"CELL_0929","reported_table_cell","Table 1 61903 Outer_Bay","23","23","0","PASS","audit/reported_table_cells.csv","Audited reporting cells; author-approved 2008 correction. Calculations use analytical inputs, not these reference cells."
"CELL_0930","reported_table_cell","Table 1 61903 all_SoBI","2","2","0","PASS","audit/reported_table_cells.csv","Audited reporting cells; author-approved 2008 correction. Calculations use analytical inputs, not these reference cells."
"CELL_0931","reported_table_cell","Table 1 61903 total_detections","46","46","0","PASS","audit/reported_table_cells.csv","Audited reporting cells; author-approved 2008 correction. Calculations use analytical inputs, not these reference cells."
"CELL_0932","reported_table_cell","Table 1 61903 release_Rx1_days",NA,NA,"0.500000000001","PASS","audit/reported_table_cells.csv","Audited reporting cells; author-approved 2008 correction. Calculations use analytical inputs, not these reference cells."
"CELL_0933","reported_table_cell","Table 1 61903 release_HoT_days","3.9","3.903020833333333","0.005000000001","PASS","audit/reported_table_cells.csv","Audited reporting cells; author-approved 2008 correction. Calculations use analytical inputs, not these reference cells."
"CELL_0934","reported_table_cell","Table 1 61903 HoT_inner_days",NA,NA,"0.500000000001","PASS","audit/reported_table_cells.csv","Audited reporting cells; author-approved 2008 correction. Calculations use analytical inputs, not these reference cells."
"CELL_0935","reported_table_cell","Table 1 61903 HoT_outer_days","5.27","5.266793981481482","0.005000000001","PASS","audit/reported_table_cells.csv","Audited reporting cells; author-approved 2008 correction. Calculations use analytical inputs, not these reference cells."
"CELL_0936","reported_table_cell","Table 1 61903 HoT_SoBI_days","35.97","35.96841435185186","0.005000000001","PASS","audit/reported_table_cells.csv","Audited reporting cells; author-approved 2008 correction. Calculations use analytical inputs, not these reference cells."
"CELL_0937","reported_table_cell","Table 1 61904 fish_id","61904","61904","0","PASS","audit/reported_table_cells.csv","Audited reporting cells; author-approved 2008 correction. Calculations use analytical inputs, not these reference cells."
"CELL_0938","reported_table_cell","Table 1 61904 fork_length_mm","137","137","0","PASS","audit/reported_table_cells.csv","Audited reporting cells; author-approved 2008 correction. Calculations use analytical inputs, not these reference cells."
"CELL_0939","reported_table_cell","Table 1 61904 weight_g","22","22","0.500000000001","PASS","audit/reported_table_cells.csv","Audited reporting cells; author-approved 2008 correction. Calculations use analytical inputs, not these reference cells."
"CELL_0940","reported_table_cell","Table 1 61904 RP1","0","0","0","PASS","audit/reported_table_cells.csv","Audited reporting cells; author-approved 2008 correction. Calculations use analytical inputs, not these reference cells."
"CELL_0941","reported_table_cell","Table 1 61904 all_MM","12","12","0","PASS","audit/reported_table_cells.csv","Audited reporting cells; author-approved 2008 correction. Calculations use analytical inputs, not these reference cells."
"CELL_0942","reported_table_cell","Table 1 61904 Rx1","194","194","0","PASS","audit/reported_table_cells.csv","Audited reporting cells; author-approved 2008 correction. Calculations use analytical inputs, not these reference cells."
"CELL_0943","reported_table_cell","Table 1 61904 R1a","0","0","0","PASS","audit/reported_table_cells.csv","Audited reporting cells; author-approved 2008 correction. Calculations use analytical inputs, not these reference cells."
"CELL_0944","reported_table_cell","Table 1 61904 R1b","0","0","0","PASS","audit/reported_table_cells.csv","Audited reporting cells; author-approved 2008 correction. Calculations use analytical inputs, not these reference cells."
"CELL_0945","reported_table_cell","Table 1 61904 R2a","2","2","0","PASS","audit/reported_table_cells.csv","Audited reporting cells; author-approved 2008 correction. Calculations use analytical inputs, not these reference cells."
"CELL_0946","reported_table_cell","Table 1 61904 Rx2b","0","0","0","PASS","audit/reported_table_cells.csv","Audited reporting cells; author-approved 2008 correction. Calculations use analytical inputs, not these reference cells."
"CELL_0947","reported_table_cell","Table 1 61904 Rx2a","0","0","0","PASS","audit/reported_table_cells.csv","Audited reporting cells; author-approved 2008 correction. Calculations use analytical inputs, not these reference cells."
"CELL_0948","reported_table_cell","Table 1 61904 R2b","0","0","0","PASS","audit/reported_table_cells.csv","Audited reporting cells; author-approved 2008 correction. Calculations use analytical inputs, not these reference cells."
"CELL_0949","reported_table_cell","Table 1 61904 R3a","5","5","0","PASS","audit/reported_table_cells.csv","Audited reporting cells; author-approved 2008 correction. Calculations use analytical inputs, not these reference cells."
"CELL_0950","reported_table_cell","Table 1 61904 R3b","0","0","0","PASS","audit/reported_table_cells.csv","Audited reporting cells; author-approved 2008 correction. Calculations use analytical inputs, not these reference cells."
"CELL_0951","reported_table_cell","Table 1 61904 HoT","50","50","0","PASS","audit/reported_table_cells.csv","Audited reporting cells; author-approved 2008 correction. Calculations use analytical inputs, not these reference cells."
"CELL_0952","reported_table_cell","Table 1 61904 Inner_Bay","1","1","0","PASS","audit/reported_table_cells.csv","Audited reporting cells; author-approved 2008 correction. Calculations use analytical inputs, not these reference cells."
"CELL_0953","reported_table_cell","Table 1 61904 Outer_Bay","9","9","0","PASS","audit/reported_table_cells.csv","Audited reporting cells; author-approved 2008 correction. Calculations use analytical inputs, not these reference cells."
"CELL_0954","reported_table_cell","Table 1 61904 all_SoBI","26","26","0","PASS","audit/reported_table_cells.csv","Audited reporting cells; author-approved 2008 correction. Calculations use analytical inputs, not these reference cells."
"CELL_0955","reported_table_cell","Table 1 61904 total_detections","299","299","0","PASS","audit/reported_table_cells.csv","Audited reporting cells; author-approved 2008 correction. Calculations use analytical inputs, not these reference cells."
"CELL_0956","reported_table_cell","Table 1 61904 release_Rx1_days","2.28","2.279976851851852","0.005000000001","PASS","audit/reported_table_cells.csv","Audited reporting cells; author-approved 2008 correction. Calculations use analytical inputs, not these reference cells."
"CELL_0957","reported_table_cell","Table 1 61904 release_HoT_days","3.7","3.695694444444444","0.005000000001","PASS","audit/reported_table_cells.csv","Audited reporting cells; author-approved 2008 correction. Calculations use analytical inputs, not these reference cells."
"CELL_0958","reported_table_cell","Table 1 61904 HoT_inner_days","0.71","0.7066203703703704","0.005000000001","PASS","audit/reported_table_cells.csv","Audited reporting cells; author-approved 2008 correction. Calculations use analytical inputs, not these reference cells."
"CELL_0959","reported_table_cell","Table 1 61904 HoT_outer_days","3.24","3.2403125","0.005000000001","PASS","audit/reported_table_cells.csv","Audited reporting cells; author-approved 2008 correction. Calculations use analytical inputs, not these reference cells."
"CELL_0960","reported_table_cell","Table 1 61904 HoT_SoBI_days","34.71","34.71314814814815","0.005000000001","PASS","audit/reported_table_cells.csv","Audited reporting cells; author-approved 2008 correction. Calculations use analytical inputs, not these reference cells."
"CELL_0961","reported_table_cell","Table 1 61905 fish_id","61905","61905","0","PASS","audit/reported_table_cells.csv","Audited reporting cells; author-approved 2008 correction. Calculations use analytical inputs, not these reference cells."
"CELL_0962","reported_table_cell","Table 1 61905 fork_length_mm","141","141","0","PASS","audit/reported_table_cells.csv","Audited reporting cells; author-approved 2008 correction. Calculations use analytical inputs, not these reference cells."
"CELL_0963","reported_table_cell","Table 1 61905 weight_g","22","22","0.500000000001","PASS","audit/reported_table_cells.csv","Audited reporting cells; author-approved 2008 correction. Calculations use analytical inputs, not these reference cells."
"CELL_0964","reported_table_cell","Table 1 61905 RP1","1","1","0","PASS","audit/reported_table_cells.csv","Audited reporting cells; author-approved 2008 correction. Calculations use analytical inputs, not these reference cells."
"CELL_0965","reported_table_cell","Table 1 61905 all_MM","12","12","0","PASS","audit/reported_table_cells.csv","Audited reporting cells; author-approved 2008 correction. Calculations use analytical inputs, not these reference cells."
"CELL_0966","reported_table_cell","Table 1 61905 Rx1","0","0","0","PASS","audit/reported_table_cells.csv","Audited reporting cells; author-approved 2008 correction. Calculations use analytical inputs, not these reference cells."
"CELL_0967","reported_table_cell","Table 1 61905 R1a","0","0","0","PASS","audit/reported_table_cells.csv","Audited reporting cells; author-approved 2008 correction. Calculations use analytical inputs, not these reference cells."
"CELL_0968","reported_table_cell","Table 1 61905 R1b","0","0","0","PASS","audit/reported_table_cells.csv","Audited reporting cells; author-approved 2008 correction. Calculations use analytical inputs, not these reference cells."
"CELL_0969","reported_table_cell","Table 1 61905 R2a","0","0","0","PASS","audit/reported_table_cells.csv","Audited reporting cells; author-approved 2008 correction. Calculations use analytical inputs, not these reference cells."
"CELL_0970","reported_table_cell","Table 1 61905 Rx2b","0","0","0","PASS","audit/reported_table_cells.csv","Audited reporting cells; author-approved 2008 correction. Calculations use analytical inputs, not these reference cells."
"CELL_0971","reported_table_cell","Table 1 61905 Rx2a","0","0","0","PASS","audit/reported_table_cells.csv","Audited reporting cells; author-approved 2008 correction. Calculations use analytical inputs, not these reference cells."
"CELL_0972","reported_table_cell","Table 1 61905 R2b","0","0","0","PASS","audit/reported_table_cells.csv","Audited reporting cells; author-approved 2008 correction. Calculations use analytical inputs, not these reference cells."
"CELL_0973","reported_table_cell","Table 1 61905 R3a","3","3","0","PASS","audit/reported_table_cells.csv","Audited reporting cells; author-approved 2008 correction. Calculations use analytical inputs, not these reference cells."
"CELL_0974","reported_table_cell","Table 1 61905 R3b","0","0","0","PASS","audit/reported_table_cells.csv","Audited reporting cells; author-approved 2008 correction. Calculations use analytical inputs, not these reference cells."
"CELL_0975","reported_table_cell","Table 1 61905 HoT","7","7","0","PASS","audit/reported_table_cells.csv","Audited reporting cells; author-approved 2008 correction. Calculations use analytical inputs, not these reference cells."
"CELL_0976","reported_table_cell","Table 1 61905 Inner_Bay","4","4","0","PASS","audit/reported_table_cells.csv","Audited reporting cells; author-approved 2008 correction. Calculations use analytical inputs, not these reference cells."
"CELL_0977","reported_table_cell","Table 1 61905 Outer_Bay","9","9","0","PASS","audit/reported_table_cells.csv","Audited reporting cells; author-approved 2008 correction. Calculations use analytical inputs, not these reference cells."
"CELL_0978","reported_table_cell","Table 1 61905 all_SoBI","2","2","0","PASS","audit/reported_table_cells.csv","Audited reporting cells; author-approved 2008 correction. Calculations use analytical inputs, not these reference cells."
"CELL_0979","reported_table_cell","Table 1 61905 total_detections","38","38","0","PASS","audit/reported_table_cells.csv","Audited reporting cells; author-approved 2008 correction. Calculations use analytical inputs, not these reference cells."
"CELL_0980","reported_table_cell","Table 1 61905 release_Rx1_days",NA,NA,"0.500000000001","PASS","audit/reported_table_cells.csv","Audited reporting cells; author-approved 2008 correction. Calculations use analytical inputs, not these reference cells."
"CELL_0981","reported_table_cell","Table 1 61905 release_HoT_days","3.47","3.472523148148148","0.005000000001","PASS","audit/reported_table_cells.csv","Audited reporting cells; author-approved 2008 correction. Calculations use analytical inputs, not these reference cells."
"CELL_0982","reported_table_cell","Table 1 61905 HoT_inner_days","1.02","1.017395833333333","0.005000000001","PASS","audit/reported_table_cells.csv","Audited reporting cells; author-approved 2008 correction. Calculations use analytical inputs, not these reference cells."
"CELL_0983","reported_table_cell","Table 1 61905 HoT_outer_days","3.69","3.690104166666667","0.005000000001","PASS","audit/reported_table_cells.csv","Audited reporting cells; author-approved 2008 correction. Calculations use analytical inputs, not these reference cells."
"CELL_0984","reported_table_cell","Table 1 61905 HoT_SoBI_days","37.95","37.95170138888889","0.005000000001","PASS","audit/reported_table_cells.csv","Audited reporting cells; author-approved 2008 correction. Calculations use analytical inputs, not these reference cells."
"CELL_0985","reported_table_cell","Table 1 61906 fish_id","61906","61906","0","PASS","audit/reported_table_cells.csv","Audited reporting cells; author-approved 2008 correction. Calculations use analytical inputs, not these reference cells."
"CELL_0986","reported_table_cell","Table 1 61906 fork_length_mm","140","140","0","PASS","audit/reported_table_cells.csv","Audited reporting cells; author-approved 2008 correction. Calculations use analytical inputs, not these reference cells."
"CELL_0987","reported_table_cell","Table 1 61906 weight_g","24.2","24.2","0.050000000001","PASS","audit/reported_table_cells.csv","Audited reporting cells; author-approved 2008 correction. Calculations use analytical inputs, not these reference cells."
"CELL_0988","reported_table_cell","Table 1 61906 RP1","1","1","0","PASS","audit/reported_table_cells.csv","Audited reporting cells; author-approved 2008 correction. Calculations use analytical inputs, not these reference cells."
"CELL_0989","reported_table_cell","Table 1 61906 all_MM","2","2","0","PASS","audit/reported_table_cells.csv","Audited reporting cells; author-approved 2008 correction. Calculations use analytical inputs, not these reference cells."
"CELL_0990","reported_table_cell","Table 1 61906 Rx1","2","2","0","PASS","audit/reported_table_cells.csv","Audited reporting cells; author-approved 2008 correction. Calculations use analytical inputs, not these reference cells."
"CELL_0991","reported_table_cell","Table 1 61906 R1a","0","0","0","PASS","audit/reported_table_cells.csv","Audited reporting cells; author-approved 2008 correction. Calculations use analytical inputs, not these reference cells."
"CELL_0992","reported_table_cell","Table 1 61906 R1b","0","0","0","PASS","audit/reported_table_cells.csv","Audited reporting cells; author-approved 2008 correction. Calculations use analytical inputs, not these reference cells."
"CELL_0993","reported_table_cell","Table 1 61906 R2a","0","0","0","PASS","audit/reported_table_cells.csv","Audited reporting cells; author-approved 2008 correction. Calculations use analytical inputs, not these reference cells."
"CELL_0994","reported_table_cell","Table 1 61906 Rx2b","0","0","0","PASS","audit/reported_table_cells.csv","Audited reporting cells; author-approved 2008 correction. Calculations use analytical inputs, not these reference cells."
"CELL_0995","reported_table_cell","Table 1 61906 Rx2a","2","2","0","PASS","audit/reported_table_cells.csv","Audited reporting cells; author-approved 2008 correction. Calculations use analytical inputs, not these reference cells."
"CELL_0996","reported_table_cell","Table 1 61906 R2b","0","0","0","PASS","audit/reported_table_cells.csv","Audited reporting cells; author-approved 2008 correction. Calculations use analytical inputs, not these reference cells."
"CELL_0997","reported_table_cell","Table 1 61906 R3a","2","2","0","PASS","audit/reported_table_cells.csv","Audited reporting cells; author-approved 2008 correction. Calculations use analytical inputs, not these reference cells."
"CELL_0998","reported_table_cell","Table 1 61906 R3b","0","0","0","PASS","audit/reported_table_cells.csv","Audited reporting cells; author-approved 2008 correction. Calculations use analytical inputs, not these reference cells."
"CELL_0999","reported_table_cell","Table 1 61906 HoT","9","9","0","PASS","audit/reported_table_cells.csv","Audited reporting cells; author-approved 2008 correction. Calculations use analytical inputs, not these reference cells."
"CELL_1000","reported_table_cell","Table 1 61906 Inner_Bay","2","2","0","PASS","audit/reported_table_cells.csv","Audited reporting cells; author-approved 2008 correction. Calculations use analytical inputs, not these reference cells."
"CELL_1001","reported_table_cell","Table 1 61906 Outer_Bay","3","3","0","PASS","audit/reported_table_cells.csv","Audited reporting cells; author-approved 2008 correction. Calculations use analytical inputs, not these reference cells."
"CELL_1002","reported_table_cell","Table 1 61906 all_SoBI","3","3","0","PASS","audit/reported_table_cells.csv","Audited reporting cells; author-approved 2008 correction. Calculations use analytical inputs, not these reference cells."
"CELL_1003","reported_table_cell","Table 1 61906 total_detections","26","26","0","PASS","audit/reported_table_cells.csv","Audited reporting cells; author-approved 2008 correction. Calculations use analytical inputs, not these reference cells."
"CELL_1004","reported_table_cell","Table 1 61906 release_Rx1_days","2.2","2.195347222222222","0.005000000001","PASS","audit/reported_table_cells.csv","Audited reporting cells; author-approved 2008 correction. Calculations use analytical inputs, not these reference cells."
"CELL_1005","reported_table_cell","Table 1 61906 release_HoT_days","3.6","3.595972222222222","0.005000000001","PASS","audit/reported_table_cells.csv","Audited reporting cells; author-approved 2008 correction. Calculations use analytical inputs, not these reference cells."
"CELL_1006","reported_table_cell","Table 1 61906 HoT_inner_days","1.83","1.832673611111111","0.005000000001","PASS","audit/reported_table_cells.csv","Audited reporting cells; author-approved 2008 correction. Calculations use analytical inputs, not these reference cells."
"CELL_1007","reported_table_cell","Table 1 61906 HoT_outer_days","3.99","3.985416666666667","0.005000000001","PASS","audit/reported_table_cells.csv","Audited reporting cells; author-approved 2008 correction. Calculations use analytical inputs, not these reference cells."
"CELL_1008","reported_table_cell","Table 1 61906 HoT_SoBI_days","37.13","37.12613425925926","0.005000000001","PASS","audit/reported_table_cells.csv","Audited reporting cells; author-approved 2008 correction. Calculations use analytical inputs, not these reference cells."
"CELL_1009","reported_table_cell","Table 1 61907 fish_id","61907","61907","0","PASS","audit/reported_table_cells.csv","Audited reporting cells; author-approved 2008 correction. Calculations use analytical inputs, not these reference cells."
"CELL_1010","reported_table_cell","Table 1 61907 fork_length_mm","146","146","0","PASS","audit/reported_table_cells.csv","Audited reporting cells; author-approved 2008 correction. Calculations use analytical inputs, not these reference cells."
"CELL_1011","reported_table_cell","Table 1 61907 weight_g","26.9","26.9","0.050000000001","PASS","audit/reported_table_cells.csv","Audited reporting cells; author-approved 2008 correction. Calculations use analytical inputs, not these reference cells."
"CELL_1012","reported_table_cell","Table 1 61907 RP1","0","0","0","PASS","audit/reported_table_cells.csv","Audited reporting cells; author-approved 2008 correction. Calculations use analytical inputs, not these reference cells."
"CELL_1013","reported_table_cell","Table 1 61907 all_MM","4","4","0","PASS","audit/reported_table_cells.csv","Audited reporting cells; author-approved 2008 correction. Calculations use analytical inputs, not these reference cells."
"CELL_1014","reported_table_cell","Table 1 61907 Rx1","2","2","0","PASS","audit/reported_table_cells.csv","Audited reporting cells; author-approved 2008 correction. Calculations use analytical inputs, not these reference cells."
"CELL_1015","reported_table_cell","Table 1 61907 R1a","0","0","0","PASS","audit/reported_table_cells.csv","Audited reporting cells; author-approved 2008 correction. Calculations use analytical inputs, not these reference cells."
"CELL_1016","reported_table_cell","Table 1 61907 R1b","0","0","0","PASS","audit/reported_table_cells.csv","Audited reporting cells; author-approved 2008 correction. Calculations use analytical inputs, not these reference cells."
"CELL_1017","reported_table_cell","Table 1 61907 R2a","0","0","0","PASS","audit/reported_table_cells.csv","Audited reporting cells; author-approved 2008 correction. Calculations use analytical inputs, not these reference cells."
"CELL_1018","reported_table_cell","Table 1 61907 Rx2b","0","0","0","PASS","audit/reported_table_cells.csv","Audited reporting cells; author-approved 2008 correction. Calculations use analytical inputs, not these reference cells."
"CELL_1019","reported_table_cell","Table 1 61907 Rx2a","0","0","0","PASS","audit/reported_table_cells.csv","Audited reporting cells; author-approved 2008 correction. Calculations use analytical inputs, not these reference cells."
"CELL_1020","reported_table_cell","Table 1 61907 R2b","0","0","0","PASS","audit/reported_table_cells.csv","Audited reporting cells; author-approved 2008 correction. Calculations use analytical inputs, not these reference cells."
"CELL_1021","reported_table_cell","Table 1 61907 R3a","2","2","0","PASS","audit/reported_table_cells.csv","Audited reporting cells; author-approved 2008 correction. Calculations use analytical inputs, not these reference cells."
"CELL_1022","reported_table_cell","Table 1 61907 R3b","0","0","0","PASS","audit/reported_table_cells.csv","Audited reporting cells; author-approved 2008 correction. Calculations use analytical inputs, not these reference cells."
"CELL_1023","reported_table_cell","Table 1 61907 HoT","9","9","0","PASS","audit/reported_table_cells.csv","Audited reporting cells; author-approved 2008 correction. Calculations use analytical inputs, not these reference cells."
"CELL_1024","reported_table_cell","Table 1 61907 Inner_Bay","6","6","0","PASS","audit/reported_table_cells.csv","Audited reporting cells; author-approved 2008 correction. Calculations use analytical inputs, not these reference cells."
"CELL_1025","reported_table_cell","Table 1 61907 Outer_Bay","7","7","0","PASS","audit/reported_table_cells.csv","Audited reporting cells; author-approved 2008 correction. Calculations use analytical inputs, not these reference cells."
"CELL_1026","reported_table_cell","Table 1 61907 all_SoBI","7","7","0","PASS","audit/reported_table_cells.csv","Audited reporting cells; author-approved 2008 correction. Calculations use analytical inputs, not these reference cells."
"CELL_1027","reported_table_cell","Table 1 61907 total_detections","37","37","0","PASS","audit/reported_table_cells.csv","Audited reporting cells; author-approved 2008 correction. Calculations use analytical inputs, not these reference cells."
"CELL_1028","reported_table_cell","Table 1 61907 release_Rx1_days","2.18","2.181111111111111","0.005000000001","PASS","audit/reported_table_cells.csv","Audited reporting cells; author-approved 2008 correction. Calculations use analytical inputs, not these reference cells."
"CELL_1029","reported_table_cell","Table 1 61907 release_HoT_days","3.05","3.049490740740741","0.005000000001","PASS","audit/reported_table_cells.csv","Audited reporting cells; author-approved 2008 correction. Calculations use analytical inputs, not these reference cells."
"CELL_1030","reported_table_cell","Table 1 61907 HoT_inner_days","0.97","0.9737152777777778","0.005000000001","PASS","audit/reported_table_cells.csv","Audited reporting cells; author-approved 2008 correction. Calculations use analytical inputs, not these reference cells."
"CELL_1031","reported_table_cell","Table 1 61907 HoT_outer_days","3.45","3.454189814814815","0.005000000001","PASS","audit/reported_table_cells.csv","Audited reporting cells; author-approved 2008 correction. Calculations use analytical inputs, not these reference cells."
"CELL_1032","reported_table_cell","Table 1 61907 HoT_SoBI_days","35.99","35.99490740740741","0.005000000001","PASS","audit/reported_table_cells.csv","Audited reporting cells; author-approved 2008 correction. Calculations use analytical inputs, not these reference cells."
"CELL_1033","reported_table_cell","Table 1 61908 fish_id","61908","61908","0","PASS","audit/reported_table_cells.csv","Audited reporting cells; author-approved 2008 correction. Calculations use analytical inputs, not these reference cells."
"CELL_1034","reported_table_cell","Table 1 61908 fork_length_mm","145","145","0","PASS","audit/reported_table_cells.csv","Audited reporting cells; author-approved 2008 correction. Calculations use analytical inputs, not these reference cells."
"CELL_1035","reported_table_cell","Table 1 61908 weight_g","25.2","25.2","0.050000000001","PASS","audit/reported_table_cells.csv","Audited reporting cells; author-approved 2008 correction. Calculations use analytical inputs, not these reference cells."
"CELL_1036","reported_table_cell","Table 1 61908 RP1","0","0","0","PASS","audit/reported_table_cells.csv","Audited reporting cells; author-approved 2008 correction. Calculations use analytical inputs, not these reference cells."
"CELL_1037","reported_table_cell","Table 1 61908 all_MM","14","14","0","PASS","audit/reported_table_cells.csv","Audited reporting cells; author-approved 2008 correction. Calculations use analytical inputs, not these reference cells."
"CELL_1038","reported_table_cell","Table 1 61908 Rx1","3","3","0","PASS","audit/reported_table_cells.csv","Audited reporting cells; author-approved 2008 correction. Calculations use analytical inputs, not these reference cells."
"CELL_1039","reported_table_cell","Table 1 61908 R1a","0","0","0","PASS","audit/reported_table_cells.csv","Audited reporting cells; author-approved 2008 correction. Calculations use analytical inputs, not these reference cells."
"CELL_1040","reported_table_cell","Table 1 61908 R1b","6","6","0","PASS","audit/reported_table_cells.csv","Audited reporting cells; author-approved 2008 correction. Calculations use analytical inputs, not these reference cells."
"CELL_1041","reported_table_cell","Table 1 61908 R2a","0","0","0","PASS","audit/reported_table_cells.csv","Audited reporting cells; author-approved 2008 correction. Calculations use analytical inputs, not these reference cells."
"CELL_1042","reported_table_cell","Table 1 61908 Rx2b","10","10","0","PASS","audit/reported_table_cells.csv","Audited reporting cells; author-approved 2008 correction. Calculations use analytical inputs, not these reference cells."
"CELL_1043","reported_table_cell","Table 1 61908 Rx2a","0","0","0","PASS","audit/reported_table_cells.csv","Audited reporting cells; author-approved 2008 correction. Calculations use analytical inputs, not these reference cells."
"CELL_1044","reported_table_cell","Table 1 61908 R2b","2","2","0","PASS","audit/reported_table_cells.csv","Audited reporting cells; author-approved 2008 correction. Calculations use analytical inputs, not these reference cells."
"CELL_1045","reported_table_cell","Table 1 61908 R3a","0","0","0","PASS","audit/reported_table_cells.csv","Audited reporting cells; author-approved 2008 correction. Calculations use analytical inputs, not these reference cells."
"CELL_1046","reported_table_cell","Table 1 61908 R3b","5","5","0","PASS","audit/reported_table_cells.csv","Audited reporting cells; author-approved 2008 correction. Calculations use analytical inputs, not these reference cells."
"CELL_1047","reported_table_cell","Table 1 61908 HoT","735","735","0","PASS","audit/reported_table_cells.csv","Audited reporting cells; author-approved 2008 correction. Calculations use analytical inputs, not these reference cells."
"CELL_1048","reported_table_cell","Table 1 61908 Inner_Bay","3","3","0","PASS","audit/reported_table_cells.csv","Audited reporting cells; author-approved 2008 correction. Calculations use analytical inputs, not these reference cells."
"CELL_1049","reported_table_cell","Table 1 61908 Outer_Bay","16","16","0","PASS","audit/reported_table_cells.csv","Audited reporting cells; author-approved 2008 correction. Calculations use analytical inputs, not these reference cells."
"CELL_1050","reported_table_cell","Table 1 61908 all_SoBI","8","8","0","PASS","audit/reported_table_cells.csv","Audited reporting cells; author-approved 2008 correction. Calculations use analytical inputs, not these reference cells."
"CELL_1051","reported_table_cell","Table 1 61908 total_detections","802","802","0","PASS","audit/reported_table_cells.csv","Audited reporting cells; author-approved 2008 correction. Calculations use analytical inputs, not these reference cells."
"CELL_1052","reported_table_cell","Table 1 61908 release_Rx1_days","1.42","1.418032407407407","0.005000000001","PASS","audit/reported_table_cells.csv","Audited reporting cells; author-approved 2008 correction. Calculations use analytical inputs, not these reference cells."
"CELL_1053","reported_table_cell","Table 1 61908 release_HoT_days","2.56","2.564108796296297","0.005000000001","PASS","audit/reported_table_cells.csv","Audited reporting cells; author-approved 2008 correction. Calculations use analytical inputs, not these reference cells."
"CELL_1054","reported_table_cell","Table 1 61908 HoT_inner_days","1.64","1.638877314814815","0.005000000001","PASS","audit/reported_table_cells.csv","Audited reporting cells; author-approved 2008 correction. Calculations use analytical inputs, not these reference cells."
"CELL_1055","reported_table_cell","Table 1 61908 HoT_outer_days","4.04","4.043391203703703","0.005000000001","PASS","audit/reported_table_cells.csv","Audited reporting cells; author-approved 2008 correction. Calculations use analytical inputs, not these reference cells."
"CELL_1056","reported_table_cell","Table 1 61908 HoT_SoBI_days","32.32","32.31974537037037","0.005000000001","PASS","audit/reported_table_cells.csv","Audited reporting cells; author-approved 2008 correction. Calculations use analytical inputs, not these reference cells."
"CELL_1057","reported_table_cell","Table 1 61909 fish_id","61909","61909","0","PASS","audit/reported_table_cells.csv","Audited reporting cells; author-approved 2008 correction. Calculations use analytical inputs, not these reference cells."
"CELL_1058","reported_table_cell","Table 1 61909 fork_length_mm","152","152","0","PASS","audit/reported_table_cells.csv","Audited reporting cells; author-approved 2008 correction. Calculations use analytical inputs, not these reference cells."
"CELL_1059","reported_table_cell","Table 1 61909 weight_g","31.5","31.5","0.050000000001","PASS","audit/reported_table_cells.csv","Audited reporting cells; author-approved 2008 correction. Calculations use analytical inputs, not these reference cells."
"CELL_1060","reported_table_cell","Table 1 61909 RP1","1","1","0","PASS","audit/reported_table_cells.csv","Audited reporting cells; author-approved 2008 correction. Calculations use analytical inputs, not these reference cells."
"CELL_1061","reported_table_cell","Table 1 61909 all_MM","2","2","0","PASS","audit/reported_table_cells.csv","Audited reporting cells; author-approved 2008 correction. Calculations use analytical inputs, not these reference cells."
"CELL_1062","reported_table_cell","Table 1 61909 Rx1","0","0","0","PASS","audit/reported_table_cells.csv","Audited reporting cells; author-approved 2008 correction. Calculations use analytical inputs, not these reference cells."
"CELL_1063","reported_table_cell","Table 1 61909 R1a","0","0","0","PASS","audit/reported_table_cells.csv","Audited reporting cells; author-approved 2008 correction. Calculations use analytical inputs, not these reference cells."
"CELL_1064","reported_table_cell","Table 1 61909 R1b","0","0","0","PASS","audit/reported_table_cells.csv","Audited reporting cells; author-approved 2008 correction. Calculations use analytical inputs, not these reference cells."
"CELL_1065","reported_table_cell","Table 1 61909 R2a","0","0","0","PASS","audit/reported_table_cells.csv","Audited reporting cells; author-approved 2008 correction. Calculations use analytical inputs, not these reference cells."
"CELL_1066","reported_table_cell","Table 1 61909 Rx2b","0","0","0","PASS","audit/reported_table_cells.csv","Audited reporting cells; author-approved 2008 correction. Calculations use analytical inputs, not these reference cells."
"CELL_1067","reported_table_cell","Table 1 61909 Rx2a","1","1","0","PASS","audit/reported_table_cells.csv","Audited reporting cells; author-approved 2008 correction. Calculations use analytical inputs, not these reference cells."
"CELL_1068","reported_table_cell","Table 1 61909 R2b","0","0","0","PASS","audit/reported_table_cells.csv","Audited reporting cells; author-approved 2008 correction. Calculations use analytical inputs, not these reference cells."
"CELL_1069","reported_table_cell","Table 1 61909 R3a","1","1","0","PASS","audit/reported_table_cells.csv","Audited reporting cells; author-approved 2008 correction. Calculations use analytical inputs, not these reference cells."
"CELL_1070","reported_table_cell","Table 1 61909 R3b","0","0","0","PASS","audit/reported_table_cells.csv","Audited reporting cells; author-approved 2008 correction. Calculations use analytical inputs, not these reference cells."
"CELL_1071","reported_table_cell","Table 1 61909 HoT","411","411","0","PASS","audit/reported_table_cells.csv","Audited reporting cells; author-approved 2008 correction. Calculations use analytical inputs, not these reference cells."
"CELL_1072","reported_table_cell","Table 1 61909 Inner_Bay","2","2","0","PASS","audit/reported_table_cells.csv","Audited reporting cells; author-approved 2008 correction. Calculations use analytical inputs, not these reference cells."
"CELL_1073","reported_table_cell","Table 1 61909 Outer_Bay","28","28","0","PASS","audit/reported_table_cells.csv","Audited reporting cells; author-approved 2008 correction. Calculations use analytical inputs, not these reference cells."
"CELL_1074","reported_table_cell","Table 1 61909 all_SoBI","5","5","0","PASS","audit/reported_table_cells.csv","Audited reporting cells; author-approved 2008 correction. Calculations use analytical inputs, not these reference cells."
"CELL_1075","reported_table_cell","Table 1 61909 total_detections","451","451","0","PASS","audit/reported_table_cells.csv","Audited reporting cells; author-approved 2008 correction. Calculations use analytical inputs, not these reference cells."
"CELL_1076","reported_table_cell","Table 1 61909 release_Rx1_days",NA,NA,"0.500000000001","PASS","audit/reported_table_cells.csv","Audited reporting cells; author-approved 2008 correction. Calculations use analytical inputs, not these reference cells."
"CELL_1077","reported_table_cell","Table 1 61909 release_HoT_days","3.72","3.720671296296296","0.005000000001","PASS","audit/reported_table_cells.csv","Audited reporting cells; author-approved 2008 correction. Calculations use analytical inputs, not these reference cells."
"CELL_1078","reported_table_cell","Table 1 61909 HoT_inner_days","1.84","1.836435185185185","0.005000000001","PASS","audit/reported_table_cells.csv","Audited reporting cells; author-approved 2008 correction. Calculations use analytical inputs, not these reference cells."
"CELL_1079","reported_table_cell","Table 1 61909 HoT_outer_days","7.04","7.039143518518519","0.005000000001","PASS","audit/reported_table_cells.csv","Audited reporting cells; author-approved 2008 correction. Calculations use analytical inputs, not these reference cells."
"CELL_1080","reported_table_cell","Table 1 61909 HoT_SoBI_days","36.5","36.50467592592592","0.005000000001","PASS","audit/reported_table_cells.csv","Audited reporting cells; author-approved 2008 correction. Calculations use analytical inputs, not these reference cells."
"CELL_1081","reported_table_cell","Table 1 Mean RP1","1","1.043478260869565","0.050000000001","PASS","audit/reported_table_cells.csv","Audited reporting cells; author-approved 2008 correction. Calculations use analytical inputs, not these reference cells."
"CELL_1082","reported_table_cell","Table 1 Mean all_MM","7.2","7.157894736842105","0.050000000001","PASS","audit/reported_table_cells.csv","Audited reporting cells; author-approved 2008 correction. Calculations use analytical inputs, not these reference cells."
"CELL_1083","reported_table_cell","Table 1 Mean Rx1","51.6","51.56","0.050000000001","PASS","audit/reported_table_cells.csv","Audited reporting cells; author-approved 2008 correction. Calculations use analytical inputs, not these reference cells."
"CELL_1084","reported_table_cell","Table 1 Mean R1a","4","4","0.050000000001","PASS","audit/reported_table_cells.csv","Audited reporting cells; author-approved 2008 correction. Calculations use analytical inputs, not these reference cells."
"CELL_1085","reported_table_cell","Table 1 Mean R1b","3.9","3.9375","0.050000000001","PASS","audit/reported_table_cells.csv","Audited reporting cells; author-approved 2008 correction. Calculations use analytical inputs, not these reference cells."
"CELL_1086","reported_table_cell","Table 1 Mean R2a","1.5","1.5","0.050000000001","PASS","audit/reported_table_cells.csv","Audited reporting cells; author-approved 2008 correction. Calculations use analytical inputs, not these reference cells."
"CELL_1087","reported_table_cell","Table 1 Mean Rx2b","26.1","26.06666666666667","0.050000000001","PASS","audit/reported_table_cells.csv","Audited reporting cells; author-approved 2008 correction. Calculations use analytical inputs, not these reference cells."
"CELL_1088","reported_table_cell","Table 1 Mean Rx2a","1.7","1.714285714285714","0.050000000001","PASS","audit/reported_table_cells.csv","Audited reporting cells; author-approved 2008 correction. Calculations use analytical inputs, not these reference cells."
"CELL_1089","reported_table_cell","Table 1 Mean R2b","1.4","1.375","0.050000000001","PASS","audit/reported_table_cells.csv","Audited reporting cells; author-approved 2008 correction. Calculations use analytical inputs, not these reference cells."
"CELL_1090","reported_table_cell","Table 1 Mean R3a","1.7","1.681818181818182","0.050000000001","PASS","audit/reported_table_cells.csv","Audited reporting cells; author-approved 2008 correction. Calculations use analytical inputs, not these reference cells."
"CELL_1091","reported_table_cell","Table 1 Mean R3b","5.1","5.111111111111111","0.050000000001","PASS","audit/reported_table_cells.csv","Audited reporting cells; author-approved 2008 correction. Calculations use analytical inputs, not these reference cells."
"CELL_1092","reported_table_cell","Table 1 Mean HoT","121.9","121.9090909090909","0.050000000001","PASS","audit/reported_table_cells.csv","Audited reporting cells; author-approved 2008 correction. Calculations use analytical inputs, not these reference cells."
"CELL_1093","reported_table_cell","Table 1 Mean Inner_Bay","11.8","11.78787878787879","0.050000000001","PASS","audit/reported_table_cells.csv","Audited reporting cells; author-approved 2008 correction. Calculations use analytical inputs, not these reference cells."
"CELL_1094","reported_table_cell","Table 1 Mean Outer_Bay","40.8","40.76923076923077","0.050000000001","PASS","audit/reported_table_cells.csv","Audited reporting cells; author-approved 2008 correction. Calculations use analytical inputs, not these reference cells."
"CELL_1095","reported_table_cell","Table 1 Mean all_SoBI","9.3","9.25925925925926","0.050000000001","PASS","audit/reported_table_cells.csv","Audited reporting cells; author-approved 2008 correction. Calculations use analytical inputs, not these reference cells."
"CELL_1096","reported_table_cell","Table 1 Mean total_detections","216.6","216.5555555555555","0.050000000001","PASS","audit/reported_table_cells.csv","Audited reporting cells; author-approved 2008 correction. Calculations use analytical inputs, not these reference cells."
"CELL_1097","reported_table_cell","Table 1 Mean release_Rx1_days","2.14","2.136238425925926","0.005000000001","PASS","audit/reported_table_cells.csv","Audited reporting cells; author-approved 2008 correction. Calculations use analytical inputs, not these reference cells."
"CELL_1098","reported_table_cell","Table 1 Mean release_HoT_days","3.98","3.979689341329967","0.005000000001","PASS","audit/reported_table_cells.csv","Audited reporting cells; author-approved 2008 correction. Calculations use analytical inputs, not these reference cells."
"CELL_1099","reported_table_cell","Table 1 Mean HoT_inner_days","1.52","1.516406425364759","0.005000000001","PASS","audit/reported_table_cells.csv","Audited reporting cells; author-approved 2008 correction. Calculations use analytical inputs, not these reference cells."
"CELL_1100","reported_table_cell","Table 1 Mean HoT_outer_days","4.79","4.79147702991453","0.005000000001","PASS","audit/reported_table_cells.csv","Audited reporting cells; author-approved 2008 correction. Calculations use analytical inputs, not these reference cells."
"CELL_1101","reported_table_cell","Table 1 Mean HoT_SoBI_days","35.28","35.27816700960219","0.005000000001","PASS","audit/reported_table_cells.csv","Audited reporting cells; author-approved 2008 correction. Calculations use analytical inputs, not these reference cells."
"CELL_1102","reported_table_cell","Table 1 SD RP1","0.2","0.2085144140570748","0.050000000001","PASS","audit/reported_table_cells.csv","Audited reporting cells; author-approved 2008 correction. Calculations use analytical inputs, not these reference cells."
"CELL_1103","reported_table_cell","Table 1 SD all_MM","5.7","5.66891150135913","0.050000000001","PASS","audit/reported_table_cells.csv","Audited reporting cells; author-approved 2008 correction. Calculations use analytical inputs, not these reference cells."
"CELL_1104","reported_table_cell","Table 1 SD Rx1","170.6","170.6341310133077","0.050000000001","PASS","audit/reported_table_cells.csv","Audited reporting cells; author-approved 2008 correction. Calculations use analytical inputs, not these reference cells."
"CELL_1105","reported_table_cell","Table 1 SD R1a",NA,NA,"0.500000000001","PASS","audit/reported_table_cells.csv","Audited reporting cells; author-approved 2008 correction. Calculations use analytical inputs, not these reference cells."
"CELL_1106","reported_table_cell","Table 1 SD R1b","2.7","2.694902595642373","0.050000000001","PASS","audit/reported_table_cells.csv","Audited reporting cells; author-approved 2008 correction. Calculations use analytical inputs, not these reference cells."
"CELL_1107","reported_table_cell","Table 1 SD R2a","0.7","0.7071067811865476","0.050000000001","PASS","audit/reported_table_cells.csv","Audited reporting cells; author-approved 2008 correction. Calculations use analytical inputs, not these reference cells."
"CELL_1108","reported_table_cell","Table 1 SD Rx2b","61.7","61.71647923791351","0.050000000001","PASS","audit/reported_table_cells.csv","Audited reporting cells; author-approved 2008 correction. Calculations use analytical inputs, not these reference cells."
"CELL_1109","reported_table_cell","Table 1 SD Rx2a","1","0.9511897312113419","0.050000000001","PASS","audit/reported_table_cells.csv","Audited reporting cells; author-approved 2008 correction. Calculations use analytical inputs, not these reference cells."
"CELL_1110","reported_table_cell","Table 1 SD R2b","0.5","0.5175491695067657","0.050000000001","PASS","audit/reported_table_cells.csv","Audited reporting cells; author-approved 2008 correction. Calculations use analytical inputs, not these reference cells."
"CELL_1111","reported_table_cell","Table 1 SD R3a","1","0.9945740239808645","0.050000000001","PASS","audit/reported_table_cells.csv","Audited reporting cells; author-approved 2008 correction. Calculations use analytical inputs, not these reference cells."
"CELL_1112","reported_table_cell","Table 1 SD R3b","8.7","8.666666666666666","0.050000000001","PASS","audit/reported_table_cells.csv","Audited reporting cells; author-approved 2008 correction. Calculations use analytical inputs, not these reference cells."
"CELL_1113","reported_table_cell","Table 1 SD HoT","207.9","207.9355689767048","0.050000000001","PASS","audit/reported_table_cells.csv","Audited reporting cells; author-approved 2008 correction. Calculations use analytical inputs, not these reference cells."
"CELL_1114","reported_table_cell","Table 1 SD Inner_Bay","20.2","20.16921784514334","0.050000000001","PASS","audit/reported_table_cells.csv","Audited reporting cells; author-approved 2008 correction. Calculations use analytical inputs, not these reference cells."
"CELL_1115","reported_table_cell","Table 1 SD Outer_Bay","68.9","68.93683666511478","0.050000000001","PASS","audit/reported_table_cells.csv","Audited reporting cells; author-approved 2008 correction. Calculations use analytical inputs, not these reference cells."
"CELL_1116","reported_table_cell","Table 1 SD all_SoBI","12.6","12.61437700096628","0.050000000001","PASS","audit/reported_table_cells.csv","Audited reporting cells; author-approved 2008 correction. Calculations use analytical inputs, not these reference cells."
"CELL_1117","reported_table_cell","Table 1 SD total_detections","244.5","244.4587300692505","0.050000000001","PASS","audit/reported_table_cells.csv","Audited reporting cells; author-approved 2008 correction. Calculations use analytical inputs, not these reference cells."
"CELL_1118","reported_table_cell","Table 1 SD release_Rx1_days","0.93","0.9288481053638264","0.005000000001","PASS","audit/reported_table_cells.csv","Audited reporting cells; author-approved 2008 correction. Calculations use analytical inputs, not these reference cells."
"CELL_1119","reported_table_cell","Table 1 SD release_HoT_days","1.83","1.831561189723416","0.005000000001","PASS","audit/reported_table_cells.csv","Audited reporting cells; author-approved 2008 correction. Calculations use analytical inputs, not these reference cells."
"CELL_1120","reported_table_cell","Table 1 SD HoT_inner_days","1.47","1.469175830162273","0.005000000001","PASS","audit/reported_table_cells.csv","Audited reporting cells; author-approved 2008 correction. Calculations use analytical inputs, not these reference cells."
"CELL_1121","reported_table_cell","Table 1 SD HoT_outer_days","1.55","1.551714789710318","0.005000000001","PASS","audit/reported_table_cells.csv","Audited reporting cells; author-approved 2008 correction. Calculations use analytical inputs, not these reference cells."
"CELL_1122","reported_table_cell","Table 1 SD HoT_SoBI_days","4.61","4.609102138485656","0.005000000001","PASS","audit/reported_table_cells.csv","Audited reporting cells; author-approved 2008 correction. Calculations use analytical inputs, not these reference cells."
"CELL_1123","reported_table_cell","Table 2 2003 marked","1706","1706","0","PASS","audit/reported_table_cells.csv","Audited reporting cells; author-approved 2008 correction. Calculations use analytical inputs, not these reference cells."
"CELL_1124","reported_table_cell","Table 2 2003 Moses","17","17","0","PASS","audit/reported_table_cells.csv","Audited reporting cells; author-approved 2008 correction. Calculations use analytical inputs, not these reference cells."
"CELL_1125","reported_table_cell","Table 2 2003 Butters","2","2","0","PASS","audit/reported_table_cells.csv","Audited reporting cells; author-approved 2008 correction. Calculations use analytical inputs, not these reference cells."
"CELL_1126","reported_table_cell","Table 2 2003 conditional_Moses_percent","89.5","89.47368421052632","0.050000000001","PASS","audit/reported_table_cells.csv","Audited reporting cells; author-approved 2008 correction. Calculations use analytical inputs, not these reference cells."
"CELL_1127","reported_table_cell","Table 2 2003 CI_lower_percent","66.9","66.8623335543234","0.050000000001","PASS","audit/reported_table_cells.csv","Audited reporting cells; author-approved 2008 correction. Calculations use analytical inputs, not these reference cells."
"CELL_1128","reported_table_cell","Table 2 2003 CI_upper_percent","98.7","98.69878356282226","0.050000000001","PASS","audit/reported_table_cells.csv","Audited reporting cells; author-approved 2008 correction. Calculations use analytical inputs, not these reference cells."
"CELL_1129","reported_table_cell","Table 2 2003 mean_discharge_m3_s","281","281.025","0.050000000001","PASS","audit/reported_table_cells.csv","Audited reporting cells; author-approved 2008 correction. Calculations use analytical inputs, not these reference cells."
"CELL_1130","reported_table_cell","Table 2 2003 discharge_cv","0.692","0.6921965986166264","0.000500000001","PASS","audit/reported_table_cells.csv","Audited reporting cells; author-approved 2008 correction. Calculations use analytical inputs, not these reference cells."
"CELL_1131","reported_table_cell","Table 2 2004 marked","2272","2272","0","PASS","audit/reported_table_cells.csv","Audited reporting cells; author-approved 2008 correction. Calculations use analytical inputs, not these reference cells."
"CELL_1132","reported_table_cell","Table 2 2004 Moses","6","6","0","PASS","audit/reported_table_cells.csv","Audited reporting cells; author-approved 2008 correction. Calculations use analytical inputs, not these reference cells."
"CELL_1133","reported_table_cell","Table 2 2004 Butters","7","7","0","PASS","audit/reported_table_cells.csv","Audited reporting cells; author-approved 2008 correction. Calculations use analytical inputs, not these reference cells."
"CELL_1134","reported_table_cell","Table 2 2004 conditional_Moses_percent","46.2","46.15384615384615","0.050000000001","PASS","audit/reported_table_cells.csv","Audited reporting cells; author-approved 2008 correction. Calculations use analytical inputs, not these reference cells."
"CELL_1135","reported_table_cell","Table 2 2004 CI_lower_percent","19.2","19.2232441801288","0.050000000001","PASS","audit/reported_table_cells.csv","Audited reporting cells; author-approved 2008 correction. Calculations use analytical inputs, not these reference cells."
"CELL_1136","reported_table_cell","Table 2 2004 CI_upper_percent","74.9","74.86545177296965","0.050000000001","PASS","audit/reported_table_cells.csv","Audited reporting cells; author-approved 2008 correction. Calculations use analytical inputs, not these reference cells."
"CELL_1137","reported_table_cell","Table 2 2004 mean_discharge_m3_s","192.5","192.5227272727273","0.050000000001","PASS","audit/reported_table_cells.csv","Audited reporting cells; author-approved 2008 correction. Calculations use analytical inputs, not these reference cells."
"CELL_1138","reported_table_cell","Table 2 2004 discharge_cv","0.489","0.489347350047784","0.000500000001","PASS","audit/reported_table_cells.csv","Audited reporting cells; author-approved 2008 correction. Calculations use analytical inputs, not these reference cells."
"CELL_1139","reported_table_cell","Table 2 2005 marked","1620","1620","0","PASS","audit/reported_table_cells.csv","Audited reporting cells; author-approved 2008 correction. Calculations use analytical inputs, not these reference cells."
"CELL_1140","reported_table_cell","Table 2 2005 Moses","4","4","0","PASS","audit/reported_table_cells.csv","Audited reporting cells; author-approved 2008 correction. Calculations use analytical inputs, not these reference cells."
"CELL_1141","reported_table_cell","Table 2 2005 Butters","4","4","0","PASS","audit/reported_table_cells.csv","Audited reporting cells; author-approved 2008 correction. Calculations use analytical inputs, not these reference cells."
"CELL_1142","reported_table_cell","Table 2 2005 conditional_Moses_percent","50","50","0.050000000001","PASS","audit/reported_table_cells.csv","Audited reporting cells; author-approved 2008 correction. Calculations use analytical inputs, not these reference cells."
"CELL_1143","reported_table_cell","Table 2 2005 CI_lower_percent","15.7","15.7012770487058","0.050000000001","PASS","audit/reported_table_cells.csv","Audited reporting cells; author-approved 2008 correction. Calculations use analytical inputs, not these reference cells."
"CELL_1144","reported_table_cell","Table 2 2005 CI_upper_percent","84.3","84.2987229512942","0.050000000001","PASS","audit/reported_table_cells.csv","Audited reporting cells; author-approved 2008 correction. Calculations use analytical inputs, not these reference cells."
"CELL_1145","reported_table_cell","Table 2 2005 mean_discharge_m3_s","218.1","218.0967741935484","0.050000000001","PASS","audit/reported_table_cells.csv","Audited reporting cells; author-approved 2008 correction. Calculations use analytical inputs, not these reference cells."
"CELL_1146","reported_table_cell","Table 2 2005 discharge_cv","0.471","0.4714748975695339","0.000500000001","PASS","audit/reported_table_cells.csv","Audited reporting cells; author-approved 2008 correction. Calculations use analytical inputs, not these reference cells."
"CELL_1147","reported_table_cell","Table 2 2006 marked","1453","1453","0","PASS","audit/reported_table_cells.csv","Audited reporting cells; author-approved 2008 correction. Calculations use analytical inputs, not these reference cells."
"CELL_1148","reported_table_cell","Table 2 2006 Moses","3","3","0","PASS","audit/reported_table_cells.csv","Audited reporting cells; author-approved 2008 correction. Calculations use analytical inputs, not these reference cells."
"CELL_1149","reported_table_cell","Table 2 2006 Butters","0","0","0","PASS","audit/reported_table_cells.csv","Audited reporting cells; author-approved 2008 correction. Calculations use analytical inputs, not these reference cells."
"CELL_1150","reported_table_cell","Table 2 2006 conditional_Moses_percent","100","100","0.050000000001","PASS","audit/reported_table_cells.csv","Audited reporting cells; author-approved 2008 correction. Calculations use analytical inputs, not these reference cells."
"CELL_1151","reported_table_cell","Table 2 2006 CI_lower_percent","29.2","29.24017738212867","0.050000000001","PASS","audit/reported_table_cells.csv","Audited reporting cells; author-approved 2008 correction. Calculations use analytical inputs, not these reference cells."
"CELL_1152","reported_table_cell","Table 2 2006 CI_upper_percent","100","100","0.500000000001","PASS","audit/reported_table_cells.csv","Audited reporting cells; author-approved 2008 correction. Calculations use analytical inputs, not these reference cells."
"CELL_1153","reported_table_cell","Table 2 2006 mean_discharge_m3_s","267.6","267.5692307692308","0.050000000001","PASS","audit/reported_table_cells.csv","Audited reporting cells; author-approved 2008 correction. Calculations use analytical inputs, not these reference cells."
"CELL_1154","reported_table_cell","Table 2 2006 discharge_cv","0.494","0.4937729334461721","0.000500000001","PASS","audit/reported_table_cells.csv","Audited reporting cells; author-approved 2008 correction. Calculations use analytical inputs, not these reference cells."
"CELL_1155","reported_table_cell","Table 2 2007 marked","3348","3348","0","PASS","audit/reported_table_cells.csv","Audited reporting cells; author-approved 2008 correction. Calculations use analytical inputs, not these reference cells."
"CELL_1156","reported_table_cell","Table 2 2007 Moses","5","5","0","PASS","audit/reported_table_cells.csv","Audited reporting cells; author-approved 2008 correction. Calculations use analytical inputs, not these reference cells."
"CELL_1157","reported_table_cell","Table 2 2007 Butters","7","7","0","PASS","audit/reported_table_cells.csv","Audited reporting cells; author-approved 2008 correction. Calculations use analytical inputs, not these reference cells."
"CELL_1158","reported_table_cell","Table 2 2007 conditional_Moses_percent","41.7","41.66666666666667","0.050000000001","PASS","audit/reported_table_cells.csv","Audited reporting cells; author-approved 2008 correction. Calculations use analytical inputs, not these reference cells."
"CELL_1159","reported_table_cell","Table 2 2007 CI_lower_percent","15.2","15.16522298084301","0.050000000001","PASS","audit/reported_table_cells.csv","Audited reporting cells; author-approved 2008 correction. Calculations use analytical inputs, not these reference cells."
"CELL_1160","reported_table_cell","Table 2 2007 CI_upper_percent","72.3","72.33303143178942","0.050000000001","PASS","audit/reported_table_cells.csv","Audited reporting cells; author-approved 2008 correction. Calculations use analytical inputs, not these reference cells."
"CELL_1161","reported_table_cell","Table 2 2007 mean_discharge_m3_s","319.9","319.9444444444445","0.050000000001","PASS","audit/reported_table_cells.csv","Audited reporting cells; author-approved 2008 correction. Calculations use analytical inputs, not these reference cells."
"CELL_1162","reported_table_cell","Table 2 2007 discharge_cv","0.557","0.5570620149007884","0.000500000001","PASS","audit/reported_table_cells.csv","Audited reporting cells; author-approved 2008 correction. Calculations use analytical inputs, not these reference cells."
"CELL_1163","reported_table_cell","Table 2 2008 marked","994","994","0","PASS","audit/reported_table_cells.csv","Audited reporting cells; author-approved 2008 correction. Calculations use analytical inputs, not these reference cells."
"CELL_1164","reported_table_cell","Table 2 2008 Moses","11","11","0","PASS","audit/reported_table_cells.csv","Audited reporting cells; author-approved 2008 correction. Calculations use analytical inputs, not these reference cells."
"CELL_1165","reported_table_cell","Table 2 2008 Butters","1","1","0","PASS","audit/reported_table_cells.csv","Audited reporting cells; author-approved 2008 correction. Calculations use analytical inputs, not these reference cells."
"CELL_1166","reported_table_cell","Table 2 2008 conditional_Moses_percent","91.7","91.66666666666666","0.050000000001","PASS","audit/reported_table_cells.csv","Audited reporting cells; author-approved 2008 correction. Calculations use analytical inputs, not these reference cells."
"CELL_1167","reported_table_cell","Table 2 2008 CI_lower_percent","61.5","61.52038348490559","0.050000000001","PASS","audit/reported_table_cells.csv","Audited reporting cells; author-approved 2008 correction. Calculations use analytical inputs, not these reference cells."
"CELL_1168","reported_table_cell","Table 2 2008 CI_upper_percent","99.8","99.78924067681398","0.050000000001","PASS","audit/reported_table_cells.csv","Audited reporting cells; author-approved 2008 correction. Calculations use analytical inputs, not these reference cells."
"CELL_1169","reported_table_cell","Table 2 2008 mean_discharge_m3_s","304","304.0322580645162","0.050000000001","PASS","audit/reported_table_cells.csv","Audited reporting cells; author-approved 2008 correction. Calculations use analytical inputs, not these reference cells."
"CELL_1170","reported_table_cell","Table 2 2008 discharge_cv","0.654","0.6541056484293665","0.000500000001","PASS","audit/reported_table_cells.csv","Audited reporting cells; author-approved 2008 correction. Calculations use analytical inputs, not these reference cells."
"CELL_1171","reported_table_cell","Table 2 2009 marked","2275","2275","0","PASS","audit/reported_table_cells.csv","Audited reporting cells; author-approved 2008 correction. Calculations use analytical inputs, not these reference cells."
"CELL_1172","reported_table_cell","Table 2 2009 Moses","12","12","0","PASS","audit/reported_table_cells.csv","Audited reporting cells; author-approved 2008 correction. Calculations use analytical inputs, not these reference cells."
"CELL_1173","reported_table_cell","Table 2 2009 Butters","3","3","0","PASS","audit/reported_table_cells.csv","Audited reporting cells; author-approved 2008 correction. Calculations use analytical inputs, not these reference cells."
"CELL_1174","reported_table_cell","Table 2 2009 conditional_Moses_percent","80","80","0.050000000001","PASS","audit/reported_table_cells.csv","Audited reporting cells; author-approved 2008 correction. Calculations use analytical inputs, not these reference cells."
"CELL_1175","reported_table_cell","Table 2 2009 CI_lower_percent","51.9","51.9108866193147","0.050000000001","PASS","audit/reported_table_cells.csv","Audited reporting cells; author-approved 2008 correction. Calculations use analytical inputs, not these reference cells."
"CELL_1176","reported_table_cell","Table 2 2009 CI_upper_percent","95.7","95.66879948941633","0.050000000001","PASS","audit/reported_table_cells.csv","Audited reporting cells; author-approved 2008 correction. Calculations use analytical inputs, not these reference cells."
"CELL_1177","reported_table_cell","Table 2 2009 mean_discharge_m3_s","373.6","373.5675675675676","0.050000000001","PASS","audit/reported_table_cells.csv","Audited reporting cells; author-approved 2008 correction. Calculations use analytical inputs, not these reference cells."
"CELL_1178","reported_table_cell","Table 2 2009 discharge_cv","0.577","0.57674840566883","0.000500000001","PASS","audit/reported_table_cells.csv","Audited reporting cells; author-approved 2008 correction. Calculations use analytical inputs, not these reference cells."
"CELL_1179","reported_table_cell","Table 2 2010 marked","2000","2000","0","PASS","audit/reported_table_cells.csv","Audited reporting cells; author-approved 2008 correction. Calculations use analytical inputs, not these reference cells."
"CELL_1180","reported_table_cell","Table 2 2010 Moses","12","12","0","PASS","audit/reported_table_cells.csv","Audited reporting cells; author-approved 2008 correction. Calculations use analytical inputs, not these reference cells."
"CELL_1181","reported_table_cell","Table 2 2010 Butters","2","2","0","PASS","audit/reported_table_cells.csv","Audited reporting cells; author-approved 2008 correction. Calculations use analytical inputs, not these reference cells."
"CELL_1182","reported_table_cell","Table 2 2010 conditional_Moses_percent","85.7","85.71428571428571","0.050000000001","PASS","audit/reported_table_cells.csv","Audited reporting cells; author-approved 2008 correction. Calculations use analytical inputs, not these reference cells."
"CELL_1183","reported_table_cell","Table 2 2010 CI_lower_percent","57.2","57.18708390903011","0.050000000001","PASS","audit/reported_table_cells.csv","Audited reporting cells; author-approved 2008 correction. Calculations use analytical inputs, not these reference cells."
"CELL_1184","reported_table_cell","Table 2 2010 CI_upper_percent","98.2","98.22054845168084","0.050000000001","PASS","audit/reported_table_cells.csv","Audited reporting cells; author-approved 2008 correction. Calculations use analytical inputs, not these reference cells."
"CELL_1185","reported_table_cell","Table 2 2010 mean_discharge_m3_s","219.2","219.18","0.050000000001","PASS","audit/reported_table_cells.csv","Audited reporting cells; author-approved 2008 correction. Calculations use analytical inputs, not these reference cells."
"CELL_1186","reported_table_cell","Table 2 2010 discharge_cv","0.584","0.5841008477262594","0.000500000001","PASS","audit/reported_table_cells.csv","Audited reporting cells; author-approved 2008 correction. Calculations use analytical inputs, not these reference cells."
"CELL_1187","reported_table_cell","Table 2 2012 marked","2348","2348","0","PASS","audit/reported_table_cells.csv","Audited reporting cells; author-approved 2008 correction. Calculations use analytical inputs, not these reference cells."
"CELL_1188","reported_table_cell","Table 2 2012 Moses","7","7","0","PASS","audit/reported_table_cells.csv","Audited reporting cells; author-approved 2008 correction. Calculations use analytical inputs, not these reference cells."
"CELL_1189","reported_table_cell","Table 2 2012 Butters","9","9","0","PASS","audit/reported_table_cells.csv","Audited reporting cells; author-approved 2008 correction. Calculations use analytical inputs, not these reference cells."
"CELL_1190","reported_table_cell","Table 2 2012 conditional_Moses_percent","43.8","43.75","0.050000000001","PASS","audit/reported_table_cells.csv","Audited reporting cells; author-approved 2008 correction. Calculations use analytical inputs, not these reference cells."
"CELL_1191","reported_table_cell","Table 2 2012 CI_lower_percent","19.8","19.75341405326679","0.050000000001","PASS","audit/reported_table_cells.csv","Audited reporting cells; author-approved 2008 correction. Calculations use analytical inputs, not these reference cells."
"CELL_1192","reported_table_cell","Table 2 2012 CI_upper_percent","70.1","70.12231009168227","0.050000000001","PASS","audit/reported_table_cells.csv","Audited reporting cells; author-approved 2008 correction. Calculations use analytical inputs, not these reference cells."
"CELL_1193","reported_table_cell","Table 2 2012 mean_discharge_m3_s","267.3","267.28","0.050000000001","PASS","audit/reported_table_cells.csv","Audited reporting cells; author-approved 2008 correction. Calculations use analytical inputs, not these reference cells."
"CELL_1194","reported_table_cell","Table 2 2012 discharge_cv","0.438","0.4382485734798131","0.000500000001","PASS","audit/reported_table_cells.csv","Audited reporting cells; author-approved 2008 correction. Calculations use analytical inputs, not these reference cells."
"CELL_1195","reported_table_cell","Table 2 2014 marked","694","694","0","PASS","audit/reported_table_cells.csv","Audited reporting cells; author-approved 2008 correction. Calculations use analytical inputs, not these reference cells."
"CELL_1196","reported_table_cell","Table 2 2014 Moses","1","1","0","PASS","audit/reported_table_cells.csv","Audited reporting cells; author-approved 2008 correction. Calculations use analytical inputs, not these reference cells."
"CELL_1197","reported_table_cell","Table 2 2014 Butters","0","0","0","PASS","audit/reported_table_cells.csv","Audited reporting cells; author-approved 2008 correction. Calculations use analytical inputs, not these reference cells."
"CELL_1198","reported_table_cell","Table 2 2014 conditional_Moses_percent","100","100","0.050000000001","PASS","audit/reported_table_cells.csv","Audited reporting cells; author-approved 2008 correction. Calculations use analytical inputs, not these reference cells."
"CELL_1199","reported_table_cell","Table 2 2014 CI_lower_percent","2.5","2.500000000000002","0.050000000001","PASS","audit/reported_table_cells.csv","Audited reporting cells; author-approved 2008 correction. Calculations use analytical inputs, not these reference cells."
"CELL_1200","reported_table_cell","Table 2 2014 CI_upper_percent","100","100","0.050000000001","PASS","audit/reported_table_cells.csv","Audited reporting cells; author-approved 2008 correction. Calculations use analytical inputs, not these reference cells."
"CELL_1201","reported_table_cell","Table 2 2014 mean_discharge_m3_s","454.8","454.84","0.050000000001","PASS","audit/reported_table_cells.csv","Audited reporting cells; author-approved 2008 correction. Calculations use analytical inputs, not these reference cells."
"CELL_1202","reported_table_cell","Table 2 2014 discharge_cv","0.566","0.566197064445605","0.000500000001","PASS","audit/reported_table_cells.csv","Audited reporting cells; author-approved 2008 correction. Calculations use analytical inputs, not these reference cells."
"CELL_1203","reported_table_cell","Table 2 2016 marked","1299","1299","0","PASS","audit/reported_table_cells.csv","Audited reporting cells; author-approved 2008 correction. Calculations use analytical inputs, not these reference cells."
"CELL_1204","reported_table_cell","Table 2 2016 Moses","3","3","0","PASS","audit/reported_table_cells.csv","Audited reporting cells; author-approved 2008 correction. Calculations use analytical inputs, not these reference cells."
"CELL_1205","reported_table_cell","Table 2 2016 Butters","4","4","0","PASS","audit/reported_table_cells.csv","Audited reporting cells; author-approved 2008 correction. Calculations use analytical inputs, not these reference cells."
"CELL_1206","reported_table_cell","Table 2 2016 conditional_Moses_percent","42.9","42.85714285714285","0.050000000001","PASS","audit/reported_table_cells.csv","Audited reporting cells; author-approved 2008 correction. Calculations use analytical inputs, not these reference cells."
"CELL_1207","reported_table_cell","Table 2 2016 CI_lower_percent","9.9","9.898827844250789","0.050000000001","PASS","audit/reported_table_cells.csv","Audited reporting cells; author-approved 2008 correction. Calculations use analytical inputs, not these reference cells."
"CELL_1208","reported_table_cell","Table 2 2016 CI_upper_percent","81.6","81.5948432359917","0.050000000001","PASS","audit/reported_table_cells.csv","Audited reporting cells; author-approved 2008 correction. Calculations use analytical inputs, not these reference cells."
"CELL_1209","reported_table_cell","Table 2 2016 mean_discharge_m3_s","388.7","388.6842105263158","0.050000000001","PASS","audit/reported_table_cells.csv","Audited reporting cells; author-approved 2008 correction. Calculations use analytical inputs, not these reference cells."
"CELL_1210","reported_table_cell","Table 2 2016 discharge_cv","0.496","0.4960543622017791","0.000500000001","PASS","audit/reported_table_cells.csv","Audited reporting cells; author-approved 2008 correction. Calculations use analytical inputs, not these reference cells."
"CELL_1211","reported_table_cell","Table 2 2017 marked","996","996","0","PASS","audit/reported_table_cells.csv","Audited reporting cells; author-approved 2008 correction. Calculations use analytical inputs, not these reference cells."
"CELL_1212","reported_table_cell","Table 2 2017 Moses","1","1","0","PASS","audit/reported_table_cells.csv","Audited reporting cells; author-approved 2008 correction. Calculations use analytical inputs, not these reference cells."
"CELL_1213","reported_table_cell","Table 2 2017 Butters","1","1","0","PASS","audit/reported_table_cells.csv","Audited reporting cells; author-approved 2008 correction. Calculations use analytical inputs, not these reference cells."
"CELL_1214","reported_table_cell","Table 2 2017 conditional_Moses_percent","50","50","0.050000000001","PASS","audit/reported_table_cells.csv","Audited reporting cells; author-approved 2008 correction. Calculations use analytical inputs, not these reference cells."
"CELL_1215","reported_table_cell","Table 2 2017 CI_lower_percent","1.3","1.257911709342506","0.050000000001","PASS","audit/reported_table_cells.csv","Audited reporting cells; author-approved 2008 correction. Calculations use analytical inputs, not these reference cells."
"CELL_1216","reported_table_cell","Table 2 2017 CI_upper_percent","98.7","98.74208829065749","0.050000000001","PASS","audit/reported_table_cells.csv","Audited reporting cells; author-approved 2008 correction. Calculations use analytical inputs, not these reference cells."
"CELL_1217","reported_table_cell","Table 2 2017 mean_discharge_m3_s","209.2","209.1666666666667","0.050000000001","PASS","audit/reported_table_cells.csv","Audited reporting cells; author-approved 2008 correction. Calculations use analytical inputs, not these reference cells."
"CELL_1218","reported_table_cell","Table 2 2017 discharge_cv","0.406","0.4060923488697171","0.000500000001","PASS","audit/reported_table_cells.csv","Audited reporting cells; author-approved 2008 correction. Calculations use analytical inputs, not these reference cells."
"CELL_1219","reported_table_cell","Table 2 2019 marked","669","669","0","PASS","audit/reported_table_cells.csv","Audited reporting cells; author-approved 2008 correction. Calculations use analytical inputs, not these reference cells."
"CELL_1220","reported_table_cell","Table 2 2019 Moses","5","5","0","PASS","audit/reported_table_cells.csv","Audited reporting cells; author-approved 2008 correction. Calculations use analytical inputs, not these reference cells."
"CELL_1221","reported_table_cell","Table 2 2019 Butters","0","0","0","PASS","audit/reported_table_cells.csv","Audited reporting cells; author-approved 2008 correction. Calculations use analytical inputs, not these reference cells."
"CELL_1222","reported_table_cell","Table 2 2019 conditional_Moses_percent","100","100","0.050000000001","PASS","audit/reported_table_cells.csv","Audited reporting cells; author-approved 2008 correction. Calculations use analytical inputs, not these reference cells."
"CELL_1223","reported_table_cell","Table 2 2019 CI_lower_percent","47.8","47.81762498950186","0.050000000001","PASS","audit/reported_table_cells.csv","Audited reporting cells; author-approved 2008 correction. Calculations use analytical inputs, not these reference cells."
"CELL_1224","reported_table_cell","Table 2 2019 CI_upper_percent","100","100","0.050000000001","PASS","audit/reported_table_cells.csv","Audited reporting cells; author-approved 2008 correction. Calculations use analytical inputs, not these reference cells."
"CELL_1225","reported_table_cell","Table 2 2019 mean_discharge_m3_s","421.5","421.5128205128205","0.050000000001","PASS","audit/reported_table_cells.csv","Audited reporting cells; author-approved 2008 correction. Calculations use analytical inputs, not these reference cells."
"CELL_1226","reported_table_cell","Table 2 2019 discharge_cv","0.589","0.5886033265899873","0.000500000001","PASS","audit/reported_table_cells.csv","Audited reporting cells; author-approved 2008 correction. Calculations use analytical inputs, not these reference cells."
"CELL_1227","reported_table_cell","Table 2 Total marked","21674","21674","0","PASS","audit/reported_table_cells.csv","Audited reporting cells; author-approved 2008 correction. Calculations use analytical inputs, not these reference cells."
"CELL_1228","reported_table_cell","Table 2 Total Moses","87","87","0","PASS","audit/reported_table_cells.csv","Audited reporting cells; author-approved 2008 correction. Calculations use analytical inputs, not these reference cells."
"CELL_1229","reported_table_cell","Table 2 Total Butters","40","40","0","PASS","audit/reported_table_cells.csv","Audited reporting cells; author-approved 2008 correction. Calculations use analytical inputs, not these reference cells."
"CELL_1230","reported_table_cell","Table 2 Total conditional_Moses_percent","68.5","68.50393700787401","0.050000000001","PASS","audit/reported_table_cells.csv","Audited reporting cells; author-approved 2008 correction. Calculations use analytical inputs, not these reference cells."
"CELL_1231","reported_table_cell","Table 2 Total CI_lower_percent","59.7","59.66766244171813","0.050000000001","PASS","audit/reported_table_cells.csv","Audited reporting cells; author-approved 2008 correction. Calculations use analytical inputs, not these reference cells."
"CELL_1232","reported_table_cell","Table 2 Total CI_upper_percent","76.5","76.45420929353536","0.050000000001","PASS","audit/reported_table_cells.csv","Audited reporting cells; author-approved 2008 correction. Calculations use analytical inputs, not these reference cells."
"CELL_1233","reported_table_cell","Table 3 1 receiver_index","1","1","0","PASS","audit/reported_table_cells.csv","Audited reporting cells; author-approved 2008 correction. Calculations use analytical inputs, not these reference cells."
"CELL_1234","reported_table_cell","Table 3 1 zone_index",NA,NA,"0","PASS","audit/reported_table_cells.csv","Audited reporting cells; author-approved 2008 correction. Calculations use analytical inputs, not these reference cells."
"CELL_1235","reported_table_cell","Table 3 1 channel_index",NA,NA,"0","PASS","audit/reported_table_cells.csv","Audited reporting cells; author-approved 2008 correction. Calculations use analytical inputs, not these reference cells."
"CELL_1236","reported_table_cell","Table 3 1 detected_fish","23","23","0","PASS","audit/reported_table_cells.csv","Audited reporting cells; author-approved 2008 correction. Calculations use analytical inputs, not these reference cells."
"CELL_1237","reported_table_cell","Table 3 2 receiver_index","2","2","0","PASS","audit/reported_table_cells.csv","Audited reporting cells; author-approved 2008 correction. Calculations use analytical inputs, not these reference cells."
"CELL_1238","reported_table_cell","Table 3 2 zone_index",NA,NA,"0","PASS","audit/reported_table_cells.csv","Audited reporting cells; author-approved 2008 correction. Calculations use analytical inputs, not these reference cells."
"CELL_1239","reported_table_cell","Table 3 2 channel_index",NA,NA,"0","PASS","audit/reported_table_cells.csv","Audited reporting cells; author-approved 2008 correction. Calculations use analytical inputs, not these reference cells."
"CELL_1240","reported_table_cell","Table 3 2 detected_fish","38","38","0","PASS","audit/reported_table_cells.csv","Audited reporting cells; author-approved 2008 correction. Calculations use analytical inputs, not these reference cells."
"CELL_1241","reported_table_cell","Table 3 3 receiver_index","3","3","0","PASS","audit/reported_table_cells.csv","Audited reporting cells; author-approved 2008 correction. Calculations use analytical inputs, not these reference cells."
"CELL_1242","reported_table_cell","Table 3 3 zone_index",NA,NA,"0","PASS","audit/reported_table_cells.csv","Audited reporting cells; author-approved 2008 correction. Calculations use analytical inputs, not these reference cells."
"CELL_1243","reported_table_cell","Table 3 3 channel_index",NA,NA,"0","PASS","audit/reported_table_cells.csv","Audited reporting cells; author-approved 2008 correction. Calculations use analytical inputs, not these reference cells."
"CELL_1244","reported_table_cell","Table 3 3 detected_fish","25","25","0","PASS","audit/reported_table_cells.csv","Audited reporting cells; author-approved 2008 correction. Calculations use analytical inputs, not these reference cells."
"CELL_1245","reported_table_cell","Table 3 4 receiver_index","4","4","0","PASS","audit/reported_table_cells.csv","Audited reporting cells; author-approved 2008 correction. Calculations use analytical inputs, not these reference cells."
"CELL_1246","reported_table_cell","Table 3 4 zone_index","1","1","0","PASS","audit/reported_table_cells.csv","Audited reporting cells; author-approved 2008 correction. Calculations use analytical inputs, not these reference cells."
"CELL_1247","reported_table_cell","Table 3 4 channel_index","1","1","0","PASS","audit/reported_table_cells.csv","Audited reporting cells; author-approved 2008 correction. Calculations use analytical inputs, not these reference cells."
"CELL_1248","reported_table_cell","Table 3 4 detected_fish","1","1","0","PASS","audit/reported_table_cells.csv","Audited reporting cells; author-approved 2008 correction. Calculations use analytical inputs, not these reference cells."
"CELL_1249","reported_table_cell","Table 3 5 receiver_index","5","5","0","PASS","audit/reported_table_cells.csv","Audited reporting cells; author-approved 2008 correction. Calculations use analytical inputs, not these reference cells."
"CELL_1250","reported_table_cell","Table 3 5 zone_index","1","1","0","PASS","audit/reported_table_cells.csv","Audited reporting cells; author-approved 2008 correction. Calculations use analytical inputs, not these reference cells."
"CELL_1251","reported_table_cell","Table 3 5 channel_index","2","2","0","PASS","audit/reported_table_cells.csv","Audited reporting cells; author-approved 2008 correction. Calculations use analytical inputs, not these reference cells."
"CELL_1252","reported_table_cell","Table 3 5 detected_fish","16","16","0","PASS","audit/reported_table_cells.csv","Audited reporting cells; author-approved 2008 correction. Calculations use analytical inputs, not these reference cells."
"CELL_1253","reported_table_cell","Table 3 6 receiver_index","6","6","0","PASS","audit/reported_table_cells.csv","Audited reporting cells; author-approved 2008 correction. Calculations use analytical inputs, not these reference cells."
"CELL_1254","reported_table_cell","Table 3 6 zone_index","2","2","0","PASS","audit/reported_table_cells.csv","Audited reporting cells; author-approved 2008 correction. Calculations use analytical inputs, not these reference cells."
"CELL_1255","reported_table_cell","Table 3 6 channel_index","1","1","0","PASS","audit/reported_table_cells.csv","Audited reporting cells; author-approved 2008 correction. Calculations use analytical inputs, not these reference cells."
"CELL_1256","reported_table_cell","Table 3 6 detected_fish","2","2","0","PASS","audit/reported_table_cells.csv","Audited reporting cells; author-approved 2008 correction. Calculations use analytical inputs, not these reference cells."
"CELL_1257","reported_table_cell","Table 3 7 receiver_index","7","7","0","PASS","audit/reported_table_cells.csv","Audited reporting cells; author-approved 2008 correction. Calculations use analytical inputs, not these reference cells."
"CELL_1258","reported_table_cell","Table 3 7 zone_index","2","2","0","PASS","audit/reported_table_cells.csv","Audited reporting cells; author-approved 2008 correction. Calculations use analytical inputs, not these reference cells."
"CELL_1259","reported_table_cell","Table 3 7 channel_index","3","3","0","PASS","audit/reported_table_cells.csv","Audited reporting cells; author-approved 2008 correction. Calculations use analytical inputs, not these reference cells."
"CELL_1260","reported_table_cell","Table 3 7 detected_fish","15","15","0","PASS","audit/reported_table_cells.csv","Audited reporting cells; author-approved 2008 correction. Calculations use analytical inputs, not these reference cells."
"CELL_1261","reported_table_cell","Table 3 8 receiver_index","8","8","0","PASS","audit/reported_table_cells.csv","Audited reporting cells; author-approved 2008 correction. Calculations use analytical inputs, not these reference cells."
"CELL_1262","reported_table_cell","Table 3 8 zone_index","3","3","0","PASS","audit/reported_table_cells.csv","Audited reporting cells; author-approved 2008 correction. Calculations use analytical inputs, not these reference cells."
"CELL_1263","reported_table_cell","Table 3 8 channel_index","2","2","0","PASS","audit/reported_table_cells.csv","Audited reporting cells; author-approved 2008 correction. Calculations use analytical inputs, not these reference cells."
"CELL_1264","reported_table_cell","Table 3 8 detected_fish","7","7","0","PASS","audit/reported_table_cells.csv","Audited reporting cells; author-approved 2008 correction. Calculations use analytical inputs, not these reference cells."
"CELL_1265","reported_table_cell","Table 3 9 receiver_index","9","9","0","PASS","audit/reported_table_cells.csv","Audited reporting cells; author-approved 2008 correction. Calculations use analytical inputs, not these reference cells."
"CELL_1266","reported_table_cell","Table 3 9 zone_index","4","4","0","PASS","audit/reported_table_cells.csv","Audited reporting cells; author-approved 2008 correction. Calculations use analytical inputs, not these reference cells."
"CELL_1267","reported_table_cell","Table 3 9 channel_index","3","3","0","PASS","audit/reported_table_cells.csv","Audited reporting cells; author-approved 2008 correction. Calculations use analytical inputs, not these reference cells."
"CELL_1268","reported_table_cell","Table 3 9 detected_fish","8","8","0","PASS","audit/reported_table_cells.csv","Audited reporting cells; author-approved 2008 correction. Calculations use analytical inputs, not these reference cells."
"CELL_1269","reported_table_cell","Table 3 10 receiver_index","10","10","0","PASS","audit/reported_table_cells.csv","Audited reporting cells; author-approved 2008 correction. Calculations use analytical inputs, not these reference cells."
"CELL_1270","reported_table_cell","Table 3 10 zone_index","5","5","0","PASS","audit/reported_table_cells.csv","Audited reporting cells; author-approved 2008 correction. Calculations use analytical inputs, not these reference cells."
"CELL_1271","reported_table_cell","Table 3 10 channel_index","1","1","0","PASS","audit/reported_table_cells.csv","Audited reporting cells; author-approved 2008 correction. Calculations use analytical inputs, not these reference cells."
"CELL_1272","reported_table_cell","Table 3 10 detected_fish","22","22","0","PASS","audit/reported_table_cells.csv","Audited reporting cells; author-approved 2008 correction. Calculations use analytical inputs, not these reference cells."
"CELL_1273","reported_table_cell","Table 3 11 receiver_index","11","11","0","PASS","audit/reported_table_cells.csv","Audited reporting cells; author-approved 2008 correction. Calculations use analytical inputs, not these reference cells."
"CELL_1274","reported_table_cell","Table 3 11 zone_index","5","5","0","PASS","audit/reported_table_cells.csv","Audited reporting cells; author-approved 2008 correction. Calculations use analytical inputs, not these reference cells."
"CELL_1275","reported_table_cell","Table 3 11 channel_index","2","2","0","PASS","audit/reported_table_cells.csv","Audited reporting cells; author-approved 2008 correction. Calculations use analytical inputs, not these reference cells."
"CELL_1276","reported_table_cell","Table 3 11 detected_fish","9","9","0","PASS","audit/reported_table_cells.csv","Audited reporting cells; author-approved 2008 correction. Calculations use analytical inputs, not these reference cells."
"CELL_1277","reported_table_cell","Table 3 12 receiver_index","12","12","0","PASS","audit/reported_table_cells.csv","Audited reporting cells; author-approved 2008 correction. Calculations use analytical inputs, not these reference cells."
"CELL_1278","reported_table_cell","Table 3 12 zone_index",NA,NA,"0","PASS","audit/reported_table_cells.csv","Audited reporting cells; author-approved 2008 correction. Calculations use analytical inputs, not these reference cells."
"CELL_1279","reported_table_cell","Table 3 12 channel_index",NA,NA,"0","PASS","audit/reported_table_cells.csv","Audited reporting cells; author-approved 2008 correction. Calculations use analytical inputs, not these reference cells."
"CELL_1280","reported_table_cell","Table 3 12 detected_fish","44","44","0","PASS","audit/reported_table_cells.csv","Audited reporting cells; author-approved 2008 correction. Calculations use analytical inputs, not these reference cells."
"CELL_1281","reported_table_cell","Table B1 p_RP1 mean","0.51","0.5096527925415066","5e-04","PASS","audit/reported_table_cells.csv","Audited reporting cells; author-approved 2008 correction. Calculations use analytical inputs, not these reference cells."
"CELL_1282","reported_table_cell","Table B1 p_RP1 sd","0.072","0.07183857724962392","5e-04","PASS","audit/reported_table_cells.csv","Audited reporting cells; author-approved 2008 correction. Calculations use analytical inputs, not these reference cells."
"CELL_1283","reported_table_cell","Table B1 p_RP1 q025","0.369","0.3686655282499836","5e-04","PASS","audit/reported_table_cells.csv","Audited reporting cells; author-approved 2008 correction. Calculations use analytical inputs, not these reference cells."
"CELL_1284","reported_table_cell","Table B1 p_RP1 q25","0.461","0.4605485563921903","5e-04","PASS","audit/reported_table_cells.csv","Audited reporting cells; author-approved 2008 correction. Calculations use analytical inputs, not these reference cells."
"CELL_1285","reported_table_cell","Table B1 p_RP1 median","0.51","0.5098775541335483","5e-04","PASS","audit/reported_table_cells.csv","Audited reporting cells; author-approved 2008 correction. Calculations use analytical inputs, not these reference cells."
"CELL_1286","reported_table_cell","Table B1 p_RP1 q75","0.559","0.5589451013128365","5e-04","PASS","audit/reported_table_cells.csv","Audited reporting cells; author-approved 2008 correction. Calculations use analytical inputs, not these reference cells."
"CELL_1287","reported_table_cell","Table B1 p_RP1 q975","0.651","0.6513097861062968","5e-04","PASS","audit/reported_table_cells.csv","Audited reporting cells; author-approved 2008 correction. Calculations use analytical inputs, not these reference cells."
"CELL_1288","reported_table_cell","Table B1 p_MM mean","0.83","0.829809833780085","5e-04","PASS","audit/reported_table_cells.csv","Audited reporting cells; author-approved 2008 correction. Calculations use analytical inputs, not these reference cells."
"CELL_1289","reported_table_cell","Table B1 p_MM sd","0.054","0.05410419859669884","5e-04","PASS","audit/reported_table_cells.csv","Audited reporting cells; author-approved 2008 correction. Calculations use analytical inputs, not these reference cells."
"CELL_1290","reported_table_cell","Table B1 p_MM q025","0.713","0.7130372948702903","5e-04","PASS","audit/reported_table_cells.csv","Audited reporting cells; author-approved 2008 correction. Calculations use analytical inputs, not these reference cells."
"CELL_1291","reported_table_cell","Table B1 p_MM q25","0.796","0.7960043902205104","5e-04","PASS","audit/reported_table_cells.csv","Audited reporting cells; author-approved 2008 correction. Calculations use analytical inputs, not these reference cells."
"CELL_1292","reported_table_cell","Table B1 p_MM median","0.835","0.8347315362956651","5e-04","PASS","audit/reported_table_cells.csv","Audited reporting cells; author-approved 2008 correction. Calculations use analytical inputs, not these reference cells."
"CELL_1293","reported_table_cell","Table B1 p_MM q75","0.869","0.8693034856946399","5e-04","PASS","audit/reported_table_cells.csv","Audited reporting cells; author-approved 2008 correction. Calculations use analytical inputs, not these reference cells."
"CELL_1294","reported_table_cell","Table B1 p_MM q975","0.92","0.9203746465910944","5e-04","PASS","audit/reported_table_cells.csv","Audited reporting cells; author-approved 2008 correction. Calculations use analytical inputs, not these reference cells."
"CELL_1295","reported_table_cell","Table B1 p_Rx1 mean","0.553","0.5533982832772627","5e-04","PASS","audit/reported_table_cells.csv","Audited reporting cells; author-approved 2008 correction. Calculations use analytical inputs, not these reference cells."
"CELL_1296","reported_table_cell","Table B1 p_Rx1 sd","0.071","0.07062485904565111","5e-04","PASS","audit/reported_table_cells.csv","Audited reporting cells; author-approved 2008 correction. Calculations use analytical inputs, not these reference cells."
"CELL_1297","reported_table_cell","Table B1 p_Rx1 q025","0.413","0.4127102270853734","5e-04","PASS","audit/reported_table_cells.csv","Audited reporting cells; author-approved 2008 correction. Calculations use analytical inputs, not these reference cells."
"CELL_1298","reported_table_cell","Table B1 p_Rx1 q25","0.506","0.5060668304713342","5e-04","PASS","audit/reported_table_cells.csv","Audited reporting cells; author-approved 2008 correction. Calculations use analytical inputs, not these reference cells."
"CELL_1299","reported_table_cell","Table B1 p_Rx1 median","0.554","0.5538045083873606","5e-04","PASS","audit/reported_table_cells.csv","Audited reporting cells; author-approved 2008 correction. Calculations use analytical inputs, not these reference cells."
"CELL_1300","reported_table_cell","Table B1 p_Rx1 q75","0.601","0.6014923072745326","5e-04","PASS","audit/reported_table_cells.csv","Audited reporting cells; author-approved 2008 correction. Calculations use analytical inputs, not these reference cells."
"CELL_1301","reported_table_cell","Table B1 p_Rx1 q975","0.689","0.6892918044253069","5e-04","PASS","audit/reported_table_cells.csv","Audited reporting cells; author-approved 2008 correction. Calculations use analytical inputs, not these reference cells."
"CELL_1302","reported_table_cell","Table B1 p_R1a mean","0.072","0.07174668094785773","5e-04","PASS","audit/reported_table_cells.csv","Audited reporting cells; author-approved 2008 correction. Calculations use analytical inputs, not these reference cells."
"CELL_1303","reported_table_cell","Table B1 p_R1a sd","0.048","0.04845172678940662","5e-04","PASS","audit/reported_table_cells.csv","Audited reporting cells; author-approved 2008 correction. Calculations use analytical inputs, not these reference cells."
"CELL_1304","reported_table_cell","Table B1 p_R1a q025","0.009","0.008719818245852487","5e-04","PASS","audit/reported_table_cells.csv","Audited reporting cells; author-approved 2008 correction. Calculations use analytical inputs, not these reference cells."
"CELL_1305","reported_table_cell","Table B1 p_R1a q25","0.035","0.03545708520800573","5e-04","PASS","audit/reported_table_cells.csv","Audited reporting cells; author-approved 2008 correction. Calculations use analytical inputs, not these reference cells."
"CELL_1306","reported_table_cell","Table B1 p_R1a median","0.062","0.06165484000501447","5e-04","PASS","audit/reported_table_cells.csv","Audited reporting cells; author-approved 2008 correction. Calculations use analytical inputs, not these reference cells."
"CELL_1307","reported_table_cell","Table B1 p_R1a q75","0.097","0.0966746103720562","5e-04","PASS","audit/reported_table_cells.csv","Audited reporting cells; author-approved 2008 correction. Calculations use analytical inputs, not these reference cells."
"CELL_1308","reported_table_cell","Table B1 p_R1a q975","0.193","0.1925537196181332","5e-04","PASS","audit/reported_table_cells.csv","Audited reporting cells; author-approved 2008 correction. Calculations use analytical inputs, not these reference cells."
"CELL_1309","reported_table_cell","Table B1 p_R1b mean","0.81","0.8098849909618642","5e-04","PASS","audit/reported_table_cells.csv","Audited reporting cells; author-approved 2008 correction. Calculations use analytical inputs, not these reference cells."
"CELL_1310","reported_table_cell","Table B1 p_R1b sd","0.095","0.09541473775601186","5e-04","PASS","audit/reported_table_cells.csv","Audited reporting cells; author-approved 2008 correction. Calculations use analytical inputs, not these reference cells."
"CELL_1311","reported_table_cell","Table B1 p_R1b q025","0.593","0.5930223670500232","5e-04","PASS","audit/reported_table_cells.csv","Audited reporting cells; author-approved 2008 correction. Calculations use analytical inputs, not these reference cells."
"CELL_1312","reported_table_cell","Table B1 p_R1b q25","0.752","0.7517373742946699","5e-04","PASS","audit/reported_table_cells.csv","Audited reporting cells; author-approved 2008 correction. Calculations use analytical inputs, not these reference cells."
"CELL_1313","reported_table_cell","Table B1 p_R1b median","0.824","0.8237504887405486","5e-04","PASS","audit/reported_table_cells.csv","Audited reporting cells; author-approved 2008 correction. Calculations use analytical inputs, not these reference cells."
"CELL_1314","reported_table_cell","Table B1 p_R1b q75","0.881","0.8814224145639219","5e-04","PASS","audit/reported_table_cells.csv","Audited reporting cells; author-approved 2008 correction. Calculations use analytical inputs, not these reference cells."
"CELL_1315","reported_table_cell","Table B1 p_R1b q975","0.955","0.9549377356161677","5e-04","PASS","audit/reported_table_cells.csv","Audited reporting cells; author-approved 2008 correction. Calculations use analytical inputs, not these reference cells."
"CELL_1316","reported_table_cell","Table B1 p_R2a mean","0.285","0.2850273066122649","5e-04","PASS","audit/reported_table_cells.csv","Audited reporting cells; author-approved 2008 correction. Calculations use analytical inputs, not these reference cells."
"CELL_1317","reported_table_cell","Table B1 p_R2a sd","0.22","0.2199784843597232","5e-04","PASS","audit/reported_table_cells.csv","Audited reporting cells; author-approved 2008 correction. Calculations use analytical inputs, not these reference cells."
"CELL_1318","reported_table_cell","Table B1 p_R2a q025","0.042","0.04228659425093501","5e-04","PASS","audit/reported_table_cells.csv","Audited reporting cells; author-approved 2008 correction. Calculations use analytical inputs, not these reference cells."
"CELL_1319","reported_table_cell","Table B1 p_R2a q25","0.125","0.1252632885612043","5e-04","PASS","audit/reported_table_cells.csv","Audited reporting cells; author-approved 2008 correction. Calculations use analytical inputs, not these reference cells."
"CELL_1320","reported_table_cell","Table B1 p_R2a median","0.211","0.210807351035385","5e-04","PASS","audit/reported_table_cells.csv","Audited reporting cells; author-approved 2008 correction. Calculations use analytical inputs, not these reference cells."
"CELL_1321","reported_table_cell","Table B1 p_R2a q75","0.378","0.3782617920344026","5e-04","PASS","audit/reported_table_cells.csv","Audited reporting cells; author-approved 2008 correction. Calculations use analytical inputs, not these reference cells."
"CELL_1322","reported_table_cell","Table B1 p_R2a q975","0.872","0.8724443467318898","5e-04","PASS","audit/reported_table_cells.csv","Audited reporting cells; author-approved 2008 correction. Calculations use analytical inputs, not these reference cells."
"CELL_1323","reported_table_cell","Table B1 p_Rx2b mean","0.921","0.9208239296595609","5e-04","PASS","audit/reported_table_cells.csv","Audited reporting cells; author-approved 2008 correction. Calculations use analytical inputs, not these reference cells."
"CELL_1324","reported_table_cell","Table B1 p_Rx2b sd","0.068","0.06830471478861447","5e-04","PASS","audit/reported_table_cells.csv","Audited reporting cells; author-approved 2008 correction. Calculations use analytical inputs, not these reference cells."
"CELL_1325","reported_table_cell","Table B1 p_Rx2b q025","0.746","0.7464002803654751","5e-04","PASS","audit/reported_table_cells.csv","Audited reporting cells; author-approved 2008 correction. Calculations use analytical inputs, not these reference cells."
"CELL_1326","reported_table_cell","Table B1 p_Rx2b q25","0.886","0.88631640012046","5e-04","PASS","audit/reported_table_cells.csv","Audited reporting cells; author-approved 2008 correction. Calculations use analytical inputs, not these reference cells."
"CELL_1327","reported_table_cell","Table B1 p_Rx2b median","0.939","0.9392868944027548","5e-04","PASS","audit/reported_table_cells.csv","Audited reporting cells; author-approved 2008 correction. Calculations use analytical inputs, not these reference cells."
"CELL_1328","reported_table_cell","Table B1 p_Rx2b q75","0.973","0.973453054151544","5e-04","PASS","audit/reported_table_cells.csv","Audited reporting cells; author-approved 2008 correction. Calculations use analytical inputs, not these reference cells."
"CELL_1329","reported_table_cell","Table B1 p_Rx2b q975","0.997","0.9974811013612311","5e-04","PASS","audit/reported_table_cells.csv","Audited reporting cells; author-approved 2008 correction. Calculations use analytical inputs, not these reference cells."
"CELL_1330","reported_table_cell","Table B1 p_Rx2a mean","0.685","0.6847978393451845","5e-04","PASS","audit/reported_table_cells.csv","Audited reporting cells; author-approved 2008 correction. Calculations use analytical inputs, not these reference cells."
"CELL_1331","reported_table_cell","Table B1 p_Rx2a sd","0.21","0.2098979798917864","5e-04","PASS","audit/reported_table_cells.csv","Audited reporting cells; author-approved 2008 correction. Calculations use analytical inputs, not these reference cells."
"CELL_1332","reported_table_cell","Table B1 p_Rx2a q025","0.256","0.2562071502014924","5e-04","PASS","audit/reported_table_cells.csv","Audited reporting cells; author-approved 2008 correction. Calculations use analytical inputs, not these reference cells."
"CELL_1333","reported_table_cell","Table B1 p_Rx2a q25","0.527","0.527258761146517","5e-04","PASS","audit/reported_table_cells.csv","Audited reporting cells; author-approved 2008 correction. Calculations use analytical inputs, not these reference cells."
"CELL_1334","reported_table_cell","Table B1 p_Rx2a median","0.712","0.7121361362027057","5e-04","PASS","audit/reported_table_cells.csv","Audited reporting cells; author-approved 2008 correction. Calculations use analytical inputs, not these reference cells."
"CELL_1335","reported_table_cell","Table B1 p_Rx2a q75","0.862","0.8624761971213667","5e-04","PASS","audit/reported_table_cells.csv","Audited reporting cells; author-approved 2008 correction. Calculations use analytical inputs, not these reference cells."
"CELL_1336","reported_table_cell","Table B1 p_Rx2a q975","0.986","0.9863057702088019","5e-04","PASS","audit/reported_table_cells.csv","Audited reporting cells; author-approved 2008 correction. Calculations use analytical inputs, not these reference cells."
"CELL_1337","reported_table_cell","Table B1 p_R2b mean","0.553","0.5525278090598482","5e-04","PASS","audit/reported_table_cells.csv","Audited reporting cells; author-approved 2008 correction. Calculations use analytical inputs, not these reference cells."
"CELL_1338","reported_table_cell","Table B1 p_R2b sd","0.133","0.1325819558272875","5e-04","PASS","audit/reported_table_cells.csv","Audited reporting cells; author-approved 2008 correction. Calculations use analytical inputs, not these reference cells."
"CELL_1339","reported_table_cell","Table B1 p_R2b q025","0.309","0.3086055473466548","5e-04","PASS","audit/reported_table_cells.csv","Audited reporting cells; author-approved 2008 correction. Calculations use analytical inputs, not these reference cells."
"CELL_1340","reported_table_cell","Table B1 p_R2b q25","0.461","0.4611631899032837","5e-04","PASS","audit/reported_table_cells.csv","Audited reporting cells; author-approved 2008 correction. Calculations use analytical inputs, not these reference cells."
"CELL_1341","reported_table_cell","Table B1 p_R2b median","0.549","0.5493190553605217","5e-04","PASS","audit/reported_table_cells.csv","Audited reporting cells; author-approved 2008 correction. Calculations use analytical inputs, not these reference cells."
"CELL_1342","reported_table_cell","Table B1 p_R2b q75","0.64","0.6403918862391509","5e-04","PASS","audit/reported_table_cells.csv","Audited reporting cells; author-approved 2008 correction. Calculations use analytical inputs, not these reference cells."
"CELL_1343","reported_table_cell","Table B1 p_R2b q975","0.819","0.8193947298344142","5e-04","PASS","audit/reported_table_cells.csv","Audited reporting cells; author-approved 2008 correction. Calculations use analytical inputs, not these reference cells."
"CELL_1344","reported_table_cell","Table B1 p_R3a mean","0.78","0.7796254009037591","5e-04","PASS","audit/reported_table_cells.csv","Audited reporting cells; author-approved 2008 correction. Calculations use analytical inputs, not these reference cells."
"CELL_1345","reported_table_cell","Table B1 p_R3a sd","0.095","0.09507280379983746","5e-04","PASS","audit/reported_table_cells.csv","Audited reporting cells; author-approved 2008 correction. Calculations use analytical inputs, not these reference cells."
"CELL_1346","reported_table_cell","Table B1 p_R3a q025","0.591","0.5905556951967411","5e-04","PASS","audit/reported_table_cells.csv","Audited reporting cells; author-approved 2008 correction. Calculations use analytical inputs, not these reference cells."
"CELL_1347","reported_table_cell","Table B1 p_R3a q25","0.715","0.7154640456835929","5e-04","PASS","audit/reported_table_cells.csv","Audited reporting cells; author-approved 2008 correction. Calculations use analytical inputs, not these reference cells."
"CELL_1348","reported_table_cell","Table B1 p_R3a median","0.783","0.7827236039185012","5e-04","PASS","audit/reported_table_cells.csv","Audited reporting cells; author-approved 2008 correction. Calculations use analytical inputs, not these reference cells."
"CELL_1349","reported_table_cell","Table B1 p_R3a q75","0.846","0.845712890605396","5e-04","PASS","audit/reported_table_cells.csv","Audited reporting cells; author-approved 2008 correction. Calculations use analytical inputs, not these reference cells."
"CELL_1350","reported_table_cell","Table B1 p_R3a q975","0.958","0.9583862632357603","5e-04","PASS","audit/reported_table_cells.csv","Audited reporting cells; author-approved 2008 correction. Calculations use analytical inputs, not these reference cells."
"CELL_1351","reported_table_cell","Table B1 p_R3b mean","0.526","0.5257660975492853","5e-04","PASS","audit/reported_table_cells.csv","Audited reporting cells; author-approved 2008 correction. Calculations use analytical inputs, not these reference cells."
"CELL_1352","reported_table_cell","Table B1 p_R3b sd","0.124","0.1243707593749716","5e-04","PASS","audit/reported_table_cells.csv","Audited reporting cells; author-approved 2008 correction. Calculations use analytical inputs, not these reference cells."
"CELL_1353","reported_table_cell","Table B1 p_R3b q025","0.293","0.2934371242160245","5e-04","PASS","audit/reported_table_cells.csv","Audited reporting cells; author-approved 2008 correction. Calculations use analytical inputs, not these reference cells."
"CELL_1354","reported_table_cell","Table B1 p_R3b q25","0.437","0.437278261016372","5e-04","PASS","audit/reported_table_cells.csv","Audited reporting cells; author-approved 2008 correction. Calculations use analytical inputs, not these reference cells."
"CELL_1355","reported_table_cell","Table B1 p_R3b median","0.524","0.5244365153924562","5e-04","PASS","audit/reported_table_cells.csv","Audited reporting cells; author-approved 2008 correction. Calculations use analytical inputs, not these reference cells."
"CELL_1356","reported_table_cell","Table B1 p_R3b q75","0.611","0.6114207701382961","5e-04","PASS","audit/reported_table_cells.csv","Audited reporting cells; author-approved 2008 correction. Calculations use analytical inputs, not these reference cells."
"CELL_1357","reported_table_cell","Table B1 p_R3b q975","0.773","0.7734464454819552","5e-04","PASS","audit/reported_table_cells.csv","Audited reporting cells; author-approved 2008 correction. Calculations use analytical inputs, not these reference cells."
"CELL_1358","reported_table_cell","Table B1 p_Rest mean","0.957","0.9572873682962526","5e-04","PASS","audit/reported_table_cells.csv","Audited reporting cells; author-approved 2008 correction. Calculations use analytical inputs, not these reference cells."
"CELL_1359","reported_table_cell","Table B1 p_Rest sd","0.029","0.02892115180715201","5e-04","PASS","audit/reported_table_cells.csv","Audited reporting cells; author-approved 2008 correction. Calculations use analytical inputs, not these reference cells."
"CELL_1360","reported_table_cell","Table B1 p_Rest q025","0.887","0.8865003167434187","5e-04","PASS","audit/reported_table_cells.csv","Audited reporting cells; author-approved 2008 correction. Calculations use analytical inputs, not these reference cells."
"CELL_1361","reported_table_cell","Table B1 p_Rest q25","0.942","0.9420173825586522","5e-04","PASS","audit/reported_table_cells.csv","Audited reporting cells; author-approved 2008 correction. Calculations use analytical inputs, not these reference cells."
"CELL_1362","reported_table_cell","Table B1 p_Rest median","0.964","0.9635432448734865","5e-04","PASS","audit/reported_table_cells.csv","Audited reporting cells; author-approved 2008 correction. Calculations use analytical inputs, not these reference cells."
"CELL_1363","reported_table_cell","Table B1 p_Rest q75","0.979","0.9791302710035648","5e-04","PASS","audit/reported_table_cells.csv","Audited reporting cells; author-approved 2008 correction. Calculations use analytical inputs, not these reference cells."
"CELL_1364","reported_table_cell","Table B1 p_Rest q975","0.995","0.9946911623828654","5e-04","PASS","audit/reported_table_cells.csv","Audited reporting cells; author-approved 2008 correction. Calculations use analytical inputs, not these reference cells."
"CELL_1365","reported_table_cell","Table B1 p_Z1a mean","0.574","0.5735435067293022","5e-04","PASS","audit/reported_table_cells.csv","Audited reporting cells; author-approved 2008 correction. Calculations use analytical inputs, not these reference cells."
"CELL_1366","reported_table_cell","Table B1 p_Z1a sd","0.077","0.07733988104495698","5e-04","PASS","audit/reported_table_cells.csv","Audited reporting cells; author-approved 2008 correction. Calculations use analytical inputs, not these reference cells."
"CELL_1367","reported_table_cell","Table B1 p_Z1a q025","0.416","0.4158891796591265","5e-04","PASS","audit/reported_table_cells.csv","Audited reporting cells; author-approved 2008 correction. Calculations use analytical inputs, not these reference cells."
"CELL_1368","reported_table_cell","Table B1 p_Z1a q25","0.522","0.5221508767144125","5e-04","PASS","audit/reported_table_cells.csv","Audited reporting cells; author-approved 2008 correction. Calculations use analytical inputs, not these reference cells."
"CELL_1369","reported_table_cell","Table B1 p_Z1a median","0.577","0.57657338490414","5e-04","PASS","audit/reported_table_cells.csv","Audited reporting cells; author-approved 2008 correction. Calculations use analytical inputs, not these reference cells."
"CELL_1370","reported_table_cell","Table B1 p_Z1a q75","0.626","0.6264327609165853","5e-04","PASS","audit/reported_table_cells.csv","Audited reporting cells; author-approved 2008 correction. Calculations use analytical inputs, not these reference cells."
"CELL_1371","reported_table_cell","Table B1 p_Z1a q975","0.717","0.7171684091479076","5e-04","PASS","audit/reported_table_cells.csv","Audited reporting cells; author-approved 2008 correction. Calculations use analytical inputs, not these reference cells."
"CELL_1372","reported_table_cell","Table B1 p_Z2a mean","0.471","0.4709634718619882","5e-04","PASS","audit/reported_table_cells.csv","Audited reporting cells; author-approved 2008 correction. Calculations use analytical inputs, not these reference cells."
"CELL_1373","reported_table_cell","Table B1 p_Z2a sd","0.243","0.2428877840421788","5e-04","PASS","audit/reported_table_cells.csv","Audited reporting cells; author-approved 2008 correction. Calculations use analytical inputs, not these reference cells."
"CELL_1374","reported_table_cell","Table B1 p_Z2a q025","0.067","0.06665896941447022","5e-04","PASS","audit/reported_table_cells.csv","Audited reporting cells; author-approved 2008 correction. Calculations use analytical inputs, not these reference cells."
"CELL_1375","reported_table_cell","Table B1 p_Z2a q25","0.255","0.2547293631084219","5e-04","PASS","audit/reported_table_cells.csv","Audited reporting cells; author-approved 2008 correction. Calculations use analytical inputs, not these reference cells."
"CELL_1376","reported_table_cell","Table B1 p_Z2a median","0.485","0.4852448757010425","5e-04","PASS","audit/reported_table_cells.csv","Audited reporting cells; author-approved 2008 correction. Calculations use analytical inputs, not these reference cells."
"CELL_1377","reported_table_cell","Table B1 p_Z2a q75","0.677","0.6767145283561162","5e-04","PASS","audit/reported_table_cells.csv","Audited reporting cells; author-approved 2008 correction. Calculations use analytical inputs, not these reference cells."
"CELL_1378","reported_table_cell","Table B1 p_Z2a q975","0.877","0.8773093268699708","5e-04","PASS","audit/reported_table_cells.csv","Audited reporting cells; author-approved 2008 correction. Calculations use analytical inputs, not these reference cells."
"CELL_1379","reported_table_cell","Table B1 p_Z2b mean","0.781","0.7811023896496846","5e-04","PASS","audit/reported_table_cells.csv","Audited reporting cells; author-approved 2008 correction. Calculations use analytical inputs, not these reference cells."
"CELL_1380","reported_table_cell","Table B1 p_Z2b sd","0.102","0.1020393970684174","5e-04","PASS","audit/reported_table_cells.csv","Audited reporting cells; author-approved 2008 correction. Calculations use analytical inputs, not these reference cells."
"CELL_1381","reported_table_cell","Table B1 p_Z2b q025","0.551","0.5510079364880335","5e-04","PASS","audit/reported_table_cells.csv","Audited reporting cells; author-approved 2008 correction. Calculations use analytical inputs, not these reference cells."
"CELL_1382","reported_table_cell","Table B1 p_Z2b q25","0.717","0.7166519654764444","5e-04","PASS","audit/reported_table_cells.csv","Audited reporting cells; author-approved 2008 correction. Calculations use analytical inputs, not these reference cells."
"CELL_1383","reported_table_cell","Table B1 p_Z2b median","0.793","0.7928425416956971","5e-04","PASS","audit/reported_table_cells.csv","Audited reporting cells; author-approved 2008 correction. Calculations use analytical inputs, not these reference cells."
"CELL_1384","reported_table_cell","Table B1 p_Z2b q75","0.857","0.8571160056726769","5e-04","PASS","audit/reported_table_cells.csv","Audited reporting cells; author-approved 2008 correction. Calculations use analytical inputs, not these reference cells."
"CELL_1385","reported_table_cell","Table B1 p_Z2b q975","0.944","0.944353194690707","5e-04","PASS","audit/reported_table_cells.csv","Audited reporting cells; author-approved 2008 correction. Calculations use analytical inputs, not these reference cells."
"CELL_1386","reported_table_cell","Table B1 p_dodge mean","0.362","0.36177953481525","5e-04","PASS","audit/reported_table_cells.csv","Audited reporting cells; author-approved 2008 correction. Calculations use analytical inputs, not these reference cells."
"CELL_1387","reported_table_cell","Table B1 p_dodge sd","0.217","0.2170245282597258","5e-04","PASS","audit/reported_table_cells.csv","Audited reporting cells; author-approved 2008 correction. Calculations use analytical inputs, not these reference cells."
"CELL_1388","reported_table_cell","Table B1 p_dodge q025","0.018","0.01801156869676994","5e-04","PASS","audit/reported_table_cells.csv","Audited reporting cells; author-approved 2008 correction. Calculations use analytical inputs, not these reference cells."
"CELL_1389","reported_table_cell","Table B1 p_dodge q25","0.177","0.1767169372006514","5e-04","PASS","audit/reported_table_cells.csv","Audited reporting cells; author-approved 2008 correction. Calculations use analytical inputs, not these reference cells."
"CELL_1390","reported_table_cell","Table B1 p_dodge median","0.354","0.3536513634284724","5e-04","PASS","audit/reported_table_cells.csv","Audited reporting cells; author-approved 2008 correction. Calculations use analytical inputs, not these reference cells."
"CELL_1391","reported_table_cell","Table B1 p_dodge q75","0.537","0.5370715510786399","5e-04","PASS","audit/reported_table_cells.csv","Audited reporting cells; author-approved 2008 correction. Calculations use analytical inputs, not these reference cells."
"CELL_1392","reported_table_cell","Table B1 p_dodge q975","0.764","0.7643366306158211","5e-04","PASS","audit/reported_table_cells.csv","Audited reporting cells; author-approved 2008 correction. Calculations use analytical inputs, not these reference cells."
"CELL_1393","reported_table_cell","Table B1 p_Z3b mean","0.888","0.8879316017130012","5e-04","PASS","audit/reported_table_cells.csv","Audited reporting cells; author-approved 2008 correction. Calculations use analytical inputs, not these reference cells."
"CELL_1394","reported_table_cell","Table B1 p_Z3b sd","0.107","0.1073668088332049","5e-04","PASS","audit/reported_table_cells.csv","Audited reporting cells; author-approved 2008 correction. Calculations use analytical inputs, not these reference cells."
"CELL_1395","reported_table_cell","Table B1 p_Z3b q025","0.599","0.5990729660607343","5e-04","PASS","audit/reported_table_cells.csv","Audited reporting cells; author-approved 2008 correction. Calculations use analytical inputs, not these reference cells."
"CELL_1396","reported_table_cell","Table B1 p_Z3b q25","0.841","0.8408953721309911","5e-04","PASS","audit/reported_table_cells.csv","Audited reporting cells; author-approved 2008 correction. Calculations use analytical inputs, not these reference cells."
"CELL_1397","reported_table_cell","Table B1 p_Z3b median","0.921","0.9205836982184779","5e-04","PASS","audit/reported_table_cells.csv","Audited reporting cells; author-approved 2008 correction. Calculations use analytical inputs, not these reference cells."
"CELL_1398","reported_table_cell","Table B1 p_Z3b q75","0.968","0.9681560517932357","5e-04","PASS","audit/reported_table_cells.csv","Audited reporting cells; author-approved 2008 correction. Calculations use analytical inputs, not these reference cells."
"CELL_1399","reported_table_cell","Table B1 p_Z3b q975","0.997","0.9970531042981563","5e-04","PASS","audit/reported_table_cells.csv","Audited reporting cells; author-approved 2008 correction. Calculations use analytical inputs, not these reference cells."
"CELL_1400","reported_table_cell","Table B1 p_Z5b_Z4a mean","0.081","0.08071099215744956","5e-04","PASS","audit/reported_table_cells.csv","Audited reporting cells; author-approved 2008 correction. Calculations use analytical inputs, not these reference cells."
"CELL_1401","reported_table_cell","Table B1 p_Z5b_Z4a sd","0.08","0.07981151898968905","5e-04","PASS","audit/reported_table_cells.csv","Audited reporting cells; author-approved 2008 correction. Calculations use analytical inputs, not these reference cells."
"CELL_1402","reported_table_cell","Table B1 p_Z5b_Z4a q025","0.002","0.002124964139542393","5e-04","PASS","audit/reported_table_cells.csv","Audited reporting cells; author-approved 2008 correction. Calculations use analytical inputs, not these reference cells."
"CELL_1403","reported_table_cell","Table B1 p_Z5b_Z4a q25","0.023","0.02341249659794926","5e-04","PASS","audit/reported_table_cells.csv","Audited reporting cells; author-approved 2008 correction. Calculations use analytical inputs, not these reference cells."
"CELL_1404","reported_table_cell","Table B1 p_Z5b_Z4a median","0.057","0.05682321232883485","5e-04","PASS","audit/reported_table_cells.csv","Audited reporting cells; author-approved 2008 correction. Calculations use analytical inputs, not these reference cells."
"CELL_1405","reported_table_cell","Table B1 p_Z5b_Z4a q75","0.113","0.1129857852366197","5e-04","PASS","audit/reported_table_cells.csv","Audited reporting cells; author-approved 2008 correction. Calculations use analytical inputs, not these reference cells."
"CELL_1406","reported_table_cell","Table B1 p_Z5b_Z4a q975","0.292","0.2915299297483137","5e-04","PASS","audit/reported_table_cells.csv","Audited reporting cells; author-approved 2008 correction. Calculations use analytical inputs, not these reference cells."
"CELL_1407","reported_table_cell","Table B1 p_Z5b_Z4ab mean","0.245","0.245311798667316","5e-04","PASS","audit/reported_table_cells.csv","Audited reporting cells; author-approved 2008 correction. Calculations use analytical inputs, not these reference cells."
"CELL_1408","reported_table_cell","Table B1 p_Z5b_Z4ab sd","0.19","0.1899239885983029","5e-04","PASS","audit/reported_table_cells.csv","Audited reporting cells; author-approved 2008 correction. Calculations use analytical inputs, not these reference cells."
"CELL_1409","reported_table_cell","Table B1 p_Z5b_Z4ab q025","0.008","0.007544043195594463","5e-04","PASS","audit/reported_table_cells.csv","Audited reporting cells; author-approved 2008 correction. Calculations use analytical inputs, not these reference cells."
"CELL_1410","reported_table_cell","Table B1 p_Z5b_Z4ab q25","0.086","0.08554521400068132","5e-04","PASS","audit/reported_table_cells.csv","Audited reporting cells; author-approved 2008 correction. Calculations use analytical inputs, not these reference cells."
"CELL_1411","reported_table_cell","Table B1 p_Z5b_Z4ab median","0.204","0.2040509980650745","5e-04","PASS","audit/reported_table_cells.csv","Audited reporting cells; author-approved 2008 correction. Calculations use analytical inputs, not these reference cells."
"CELL_1412","reported_table_cell","Table B1 p_Z5b_Z4ab q75","0.371","0.370512680914558","5e-04","PASS","audit/reported_table_cells.csv","Audited reporting cells; author-approved 2008 correction. Calculations use analytical inputs, not these reference cells."
"CELL_1413","reported_table_cell","Table B1 p_Z5b_Z4ab q975","0.685","0.6848238780200635","5e-04","PASS","audit/reported_table_cells.csv","Audited reporting cells; author-approved 2008 correction. Calculations use analytical inputs, not these reference cells."
"ENV_RUN_1","clean_session","Fresh isolated default run with restored locked packages and all bootstraps","1460 PASS; zero warnings/errors","1460 PASS; 0 warnings; 0 errors","0","PASS","README.md; isolated run records","Elapsed 12.24 seconds; peak R heap 217.3 MB. Dependencies restored from preinstalled locked versions; no new package downloads required."
"ENV_RUN_2","clean_session","Fresh isolated default run with restored locked packages and all bootstraps","1460 PASS; zero warnings/errors","1460 PASS; 0 warnings; 0 errors","0","PASS","README.md; isolated run records","Elapsed 12.23 seconds; peak R heap 201.2 MB. Dependencies restored from preinstalled locked versions; no new package downloads required."
"REPEAT_01","repeatability","output/tables/aggregate_route_diagnostics.csv","Identical content","TRUE","0","PASS","audit/clean_run_checksums.csv","Exact bytes"
"REPEAT_02","repeatability","output/tables/aggregate_route_summary.csv","Identical content","TRUE","0","PASS","audit/clean_run_checksums.csv","Exact bytes"
"REPEAT_03","repeatability","output/figures/channel_network.pdf","Identical content","TRUE","0","PASS","audit/clean_run_checksums.csv","Bytes with PDF CreationDate/ModDate values normalized"
"REPEAT_04","repeatability","output/figures/channel_network.png","Identical content","TRUE","0","PASS","audit/clean_run_checksums.csv","Exact bytes"
"REPEAT_05","repeatability","output/tables/cmr_convergence_comparison.csv","Identical content","TRUE","0","PASS","audit/clean_run_checksums.csv","Exact bytes"
"REPEAT_06","repeatability","output/tables/cmr_fixed_passage_probabilities.csv","Identical content","TRUE","0","PASS","audit/clean_run_checksums.csv","Exact bytes"
"REPEAT_07","repeatability","output/tables/cmr_parameter_diagnostics.csv","Identical content","TRUE","0","PASS","audit/clean_run_checksums.csv","Exact bytes"
"REPEAT_08","repeatability","output/tables/cmr_split_satisfactory_years.csv","Identical content","TRUE","0","PASS","audit/clean_run_checksums.csv","Exact bytes"
"REPEAT_09","repeatability","output/figures/detection_posterior_distributions.pdf","Identical content","TRUE","0","PASS","audit/clean_run_checksums.csv","Bytes with PDF CreationDate/ModDate values normalized"
"REPEAT_10","repeatability","output/figures/detection_posterior_distributions.png","Identical content","TRUE","0","PASS","audit/clean_run_checksums.csv","Exact bytes"
"REPEAT_11","repeatability","output/tables/direct_route_detections.csv","Identical content","TRUE","0","PASS","audit/clean_run_checksums.csv","Exact bytes"
"REPEAT_12","repeatability","output/tables/discharge_correlations.csv","Identical content","TRUE","0","PASS","audit/clean_run_checksums.csv","Exact bytes"
"REPEAT_13","repeatability","output/tables/discharge_regressions.csv","Identical content","TRUE","0","PASS","audit/clean_run_checksums.csv","Exact bytes"
"REPEAT_14","repeatability","output/tables/fish_route_chain_diagnostics.csv","Identical content","TRUE","0","PASS","audit/clean_run_checksums.csv","Exact bytes"
"REPEAT_15","repeatability","output/tables/historical_annual_analysis.csv","Identical content","TRUE","0","PASS","audit/clean_run_checksums.csv","Exact bytes"
"REPEAT_16","repeatability","output/tables/historical_dispersion_bootstrap.csv","Identical content","TRUE","0","PASS","audit/clean_run_checksums.csv","Exact bytes"
"REPEAT_17","repeatability","output/tables/historical_leave_one_year_out.csv","Identical content","TRUE","0","PASS","audit/clean_run_checksums.csv","Exact bytes"
"REPEAT_18","repeatability","output/tables/historical_likelihood_ratio_bootstrap.csv","Identical content","TRUE","0","PASS","audit/clean_run_checksums.csv","Exact bytes"
"REPEAT_19","repeatability","output/figures/historical_moses_proportions.pdf","Identical content","TRUE","0","PASS","audit/clean_run_checksums.csv","Bytes with PDF CreationDate/ModDate values normalized"
"REPEAT_20","repeatability","output/figures/historical_moses_proportions.png","Identical content","TRUE","0","PASS","audit/clean_run_checksums.csv","Exact bytes"
"REPEAT_21","repeatability","output/tables/historical_summary.csv","Identical content","TRUE","0","PASS","audit/clean_run_checksums.csv","Exact bytes"
"REPEAT_22","repeatability","output/tables/individual_route_probabilities.csv","Identical content","TRUE","0","PASS","audit/clean_run_checksums.csv","Exact bytes"
"REPEAT_23","repeatability","output/figures/individual_route_probabilities.pdf","Identical content","TRUE","0","PASS","audit/clean_run_checksums.csv","Bytes with PDF CreationDate/ModDate values normalized"
"REPEAT_24","repeatability","output/figures/individual_route_probabilities.png","Identical content","TRUE","0","PASS","audit/clean_run_checksums.csv","Exact bytes"
"REPEAT_25","repeatability","output/tables/individual_travel_times_speeds.csv","Identical content","TRUE","0","PASS","audit/clean_run_checksums.csv","Exact bytes"
"REPEAT_26","repeatability","output/tables/island_network_tracks.csv","Identical content","TRUE","0","PASS","audit/clean_run_checksums.csv","Exact bytes"
"REPEAT_27","repeatability","output/figures/island_passage_tide_light.pdf","Identical content","TRUE","0","PASS","audit/clean_run_checksums.csv","Bytes with PDF CreationDate/ModDate values normalized"
"REPEAT_28","repeatability","output/figures/island_passage_tide_light.png","Identical content","TRUE","0","PASS","audit/clean_run_checksums.csv","Exact bytes"
"REPEAT_29","repeatability","output/figures/moses_proportion_discharge.pdf","Identical content","TRUE","0","PASS","audit/clean_run_checksums.csv","Bytes with PDF CreationDate/ModDate values normalized"
"REPEAT_30","repeatability","output/figures/moses_proportion_discharge.png","Identical content","TRUE","0","PASS","audit/clean_run_checksums.csv","Exact bytes"
"REPEAT_31","repeatability","output/tables/network_marginal_link_probabilities.csv","Identical content","TRUE","0","PASS","audit/clean_run_checksums.csv","Exact bytes"
"REPEAT_32","repeatability","output/tables/posterior_probability_summary.csv","Identical content","TRUE","0","PASS","audit/clean_run_checksums.csv","Exact bytes"
"REPEAT_33","repeatability","output/tables/probability_parameter_diagnostics.csv","Identical content","TRUE","0","PASS","audit/clean_run_checksums.csv","Exact bytes"
"REPEAT_34","repeatability","output/figures/receiver_detection_probabilities.pdf","Identical content","TRUE","0","PASS","audit/clean_run_checksums.csv","Bytes with PDF CreationDate/ModDate values normalized"
"REPEAT_35","repeatability","output/figures/receiver_detection_probabilities.png","Identical content","TRUE","0","PASS","audit/clean_run_checksums.csv","Exact bytes"
"REPEAT_36","repeatability","output/figures/riverine_migration_speeds.pdf","Identical content","TRUE","0","PASS","audit/clean_run_checksums.csv","Bytes with PDF CreationDate/ModDate values normalized"
"REPEAT_37","repeatability","output/figures/riverine_migration_speeds.png","Identical content","TRUE","0","PASS","audit/clean_run_checksums.csv","Exact bytes"
"REPEAT_38","repeatability","output/tables/segment_travel_summary.csv","Identical content","TRUE","0","PASS","audit/clean_run_checksums.csv","Exact bytes"
"REPEAT_39","repeatability","output/tables/table_1_tagged_smolts.csv","Identical content","TRUE","0","PASS","audit/clean_run_checksums.csv","Exact bytes"
"REPEAT_40","repeatability","output/tables/table_2_historical_recaptures.csv","Identical content","TRUE","0","PASS","audit/clean_run_checksums.csv","Exact bytes"
"REPEAT_41","repeatability","output/tables/table_3_receiver_indices.csv","Identical content","TRUE","0","PASS","audit/clean_run_checksums.csv","Exact bytes"
"REPEAT_42","repeatability","output/tables/table_b1_posterior_summary.csv","Identical content","TRUE","0","PASS","audit/clean_run_checksums.csv","Exact bytes"
"REPEAT_43","repeatability","output/tables/tagged_smolt_biology.csv","Identical content","TRUE","0","PASS","audit/clean_run_checksums.csv","Exact bytes"
"REPEAT_44","repeatability","output/figures/transition_posterior_distributions.pdf","Identical content","TRUE","0","PASS","audit/clean_run_checksums.csv","Bytes with PDF CreationDate/ModDate values normalized"
"REPEAT_45","repeatability","output/figures/transition_posterior_distributions.png","Identical content","TRUE","0","PASS","audit/clean_run_checksums.csv","Exact bytes"
"REPEAT_46","repeatability","output/figures/transition_probabilities.pdf","Identical content","TRUE","0","PASS","audit/clean_run_checksums.csv","Bytes with PDF CreationDate/ModDate values normalized"
"REPEAT_47","repeatability","output/figures/transition_probabilities.png","Identical content","TRUE","0","PASS","audit/clean_run_checksums.csv","Exact bytes"
"SYNTAX_run_all","syntax","run_all.R","Parses","Parses","0","PASS","run_all.R",""
"SYNTAX_01_historical_recaptures","syntax","R/01_historical_recaptures.R","Parses","Parses","0","PASS","R/01_historical_recaptures.R",""
"SYNTAX_02_telemetry_descriptives","syntax","R/02_telemetry_descriptives.R","Parses","Parses","0","PASS","R/02_telemetry_descriptives.R",""
"SYNTAX_03_fit_state_space","syntax","R/03_fit_state_space.R","Parses","Parses","0","PASS","R/03_fit_state_space.R",""
"SYNTAX_04_state_space_outputs","syntax","R/04_state_space_outputs.R","Parses","Parses","0","PASS","R/04_state_space_outputs.R",""
"SYNTAX_05_cmr_sensitivity","syntax","R/05_cmr_sensitivity.R","Parses","Parses","0","PASS","R/05_cmr_sensitivity.R",""
"SYNTAX_06_verify_reported_results","syntax","R/06_verify_reported_results.R","Parses","Parses","0","PASS","R/06_verify_reported_results.R",""
"MODEL_channel_use_state_space","model","channel_use_state_space equations and priors unchanged; complete chains initialize","TRUE","TRUE","0","PASS","model/channel_use_state_space.jags","Whitespace/comments ignored in equation comparison; private compilation test initialized 3/2/2 chains without sampling or replacing the published archive."
"MODEL_cmr_original","model","cmr_original equations and priors unchanged; complete chains initialize","TRUE","TRUE","0","PASS","model/cmr_original.jags","Whitespace/comments ignored in equation comparison; private compilation test initialized 3/2/2 chains without sampling or replacing the published archive."
"MODEL_cmr_telemetry_split","model","cmr_telemetry_split equations and priors unchanged; complete chains initialize","TRUE","TRUE","0","PASS","model/cmr_telemetry_split.jags","Whitespace/comments ignored in equation comparison; private compilation test initialized 3/2/2 chains without sampling or replacing the published archive."
"PATHS_1","independence","Observed analytical file accesses stay inside the repository","TRUE","TRUE","0","PASS","R scripts; file/readRDS/read.csv/gzfile tracing","23 distinct analytical paths; installed R packages and temporary font/graphics files are software dependencies, not analytical input."
"PATHS_2","independence","Observed analytical file accesses stay inside the repository","TRUE","TRUE","0","PASS","R scripts; file/readRDS/read.csv/gzfile tracing","23 distinct analytical paths; installed R packages and temporary font/graphics files are software dependencies, not analytical input."
"FIGURE_1C","visual_review","Figure 1C","Same analytical content, order, grouping, intervals and colors; no clipped labels","Inspected","0","PASS","output/figures/channel_network.png","Direct embedded-image comparison on 11 September 2026. Minor font/geometry differences; Figure 2 label leader lines improve legibility. Supplement priors use exact uniform density."
"FIGURE_2","visual_review","Figure 2","Same analytical content, order, grouping, intervals and colors; no clipped labels","Inspected","0","PASS","output/figures/island_passage_tide_light.png","Direct embedded-image comparison on 11 September 2026. Minor font/geometry differences; Figure 2 label leader lines improve legibility. Supplement priors use exact uniform density."
"FIGURE_3","visual_review","Figure 3","Same analytical content, order, grouping, intervals and colors; no clipped labels","Inspected","0","PASS","output/figures/historical_moses_proportions.png","Direct embedded-image comparison on 11 September 2026. Minor font/geometry differences; Figure 2 label leader lines improve legibility. Supplement priors use exact uniform density."
"FIGURE_4","visual_review","Figure 4","Same analytical content, order, grouping, intervals and colors; no clipped labels","Inspected","0","PASS","output/figures/moses_proportion_discharge.png","Direct embedded-image comparison on 11 September 2026. Minor font/geometry differences; Figure 2 label leader lines improve legibility. Supplement priors use exact uniform density."
"FIGURE_5","visual_review","Figure 5","Same analytical content, order, grouping, intervals and colors; no clipped labels","Inspected","0","PASS","output/figures/riverine_migration_speeds.png","Direct embedded-image comparison on 11 September 2026. Minor font/geometry differences; Figure 2 label leader lines improve legibility. Supplement priors use exact uniform density."
"FIGURE_6","visual_review","Figure 6","Same analytical content, order, grouping, intervals and colors; no clipped labels","Inspected","0","PASS","output/figures/receiver_detection_probabilities.png","Direct embedded-image comparison on 11 September 2026. Minor font/geometry differences; Figure 2 label leader lines improve legibility. Supplement priors use exact uniform density."
"FIGURE_7","visual_review","Figure 7","Same analytical content, order, grouping, intervals and colors; no clipped labels","Inspected","0","PASS","output/figures/transition_probabilities.png","Direct embedded-image comparison on 11 September 2026. Minor font/geometry differences; Figure 2 label leader lines improve legibility. Supplement priors use exact uniform density."
"FIGURE_8","visual_review","Figure 8","Same analytical content, order, grouping, intervals and colors; no clipped labels","Inspected","0","PASS","output/figures/individual_route_probabilities.png","Direct embedded-image comparison on 11 September 2026. Minor font/geometry differences; Figure 2 label leader lines improve legibility. Supplement priors use exact uniform density."
"FIGURE_B1","visual_review","Figure B1","Same analytical content, order, grouping, intervals and colors; no clipped labels","Inspected","0","PASS","output/figures/detection_posterior_distributions.png","Direct embedded-image comparison on 11 September 2026. Minor font/geometry differences; Figure 2 label leader lines improve legibility. Supplement priors use exact uniform density."
"FIGURE_B2","visual_review","Figure B2","Same analytical content, order, grouping, intervals and colors; no clipped labels","Inspected","0","PASS","output/figures/transition_posterior_distributions.png","Direct embedded-image comparison on 11 September 2026. Minor font/geometry differences; Figure 2 label leader lines improve legibility. Supplement priors use exact uniform density."
"D8_CHANNEL_LABEL","reporting","D8 channel index in Table 3 versus executed model/Figure 1C","Consistent channel labels","Table 3: (3,2); model/Figure 1C: (3,3)","0","REVIEW","data/receiver_metadata.csv; data/network_nodes.csv; model/channel_use_state_space.jags","D_Rx2a uses Z3_ab_no_dodge, represented by node Z3_3. Table 3 reference retains the audited channel index 2. Author to reconcile the reporting label; likelihood, detections, posterior and numerical summaries unchanged."
"LICENSE","release","Code/data license and permission to redistribute supplied data","Author-confirmed release decision","Pending","0","REVIEW","LICENSE_PENDING.md","Author must approve code/data licensing and confirm redistribution permission before public release; no publication performed."
